{
"type": "FeatureCollection",
"name": "text",
"crs": { "type": "name", "properties": { "name": "urn:ogc:def:crs:OGC:1.3:CRS84" } },
"features": [
{ "type": "Feature", "properties": { "fid": 227, "handle": 247675, "block": -1, "etype": 25, "space": 0, "layer": "text", "olinetype": "BYLAYER", "linetype": "", "color": "0,0,0,255", "ocolor": 7, "color24": -1, "transparency": 0, "lweight": -1, "linewidth": 0.0, "ltscale": 1.0, "visible": 1, "thickness": 0.0, "ext": "(3:0,0,1)", "height": 1.0, "text": "MV-3", "angle": 0.0, "widthscale": 1.0, "oblique": 0.0, "style": "MtXpl_Arial_Black", "textgen": 0, "alignh": 0, "alignv": 0, "interlin": -1.0 }, "geometry": { "type": "Point", "coordinates": [ -1.635794136242467, 52.686398497611222, -3.506191448741817 ] } },
{ "type": "Feature", "properties": { "fid": 228, "handle": 247676, "block": -1, "etype": 25, "space": 0, "layer": "text", "olinetype": "BYLAYER", "linetype": "", "color": "255,191,0,255", "ocolor": 40, "color24": -1, "transparency": 0, "lweight": -1, "linewidth": 0.0, "ltscale": 1.0, "visible": 1, "thickness": 0.0, "ext": "(3:0,0,1)", "height": 1.0, "text": ".G", "angle": 0.0, "widthscale": 1.0, "oblique": 0.0, "style": "MtXpl_Arial_Black", "textgen": 0, "alignh": 0, "alignv": 0, "interlin": -1.0 }, "geometry": { "type": "Point", "coordinates": [ -1.635737890828327, 52.686398325017088, -3.506191448741817 ] } },
{ "type": "Feature", "properties": { "fid": 229, "handle": 247677, "block": -1, "etype": 25, "space": 0, "layer": "text", "olinetype": "BYLAYER", "linetype": "", "color": "0,0,0,255", "ocolor": 7, "color24": -1, "transparency": 0, "lweight": -1, "linewidth": 0.0, "ltscale": 1.0, "visible": 1, "thickness": 0.0, "ext": "(3:0,0,1)", "height": 1.0, "text": ".W", "angle": 0.0, "widthscale": 1.0, "oblique": 0.0, "style": "MtXpl_Arial_Black", "textgen": 0, "alignh": 0, "alignv": 0, "interlin": -1.0 }, "geometry": { "type": "Point", "coordinates": [ -1.635713794300162, 52.686398251066549, -3.506191448741817 ] } },
{ "type": "Feature", "properties": { "fid": 230, "handle": 247685, "block": -1, "etype": 25, "space": 0, "layer": "text", "olinetype": "BYLAYER", "linetype": "", "color": "0,0,0,255", "ocolor": 7, "color24": -1, "transparency": 0, "lweight": -1, "linewidth": 0.0, "ltscale": 1.0, "visible": 1, "thickness": 0.0, "ext": "(3:0,0,1)", "height": 1.0, "text": "MV-3", "angle": 0.0, "widthscale": 1.0, "oblique": 0.0, "style": "MtXpl_Arial_Black", "textgen": 0, "alignh": 0, "alignv": 0, "interlin": -1.0 }, "geometry": { "type": "Point", "coordinates": [ -1.636066647824676, 52.686339392805444, -3.535439226490715 ] } },
{ "type": "Feature", "properties": { "fid": 231, "handle": 247686, "block": -1, "etype": 25, "space": 0, "layer": "text", "olinetype": "BYLAYER", "linetype": "", "color": "255,191,0,255", "ocolor": 40, "color24": -1, "transparency": 0, "lweight": -1, "linewidth": 0.0, "ltscale": 1.0, "visible": 1, "thickness": 0.0, "ext": "(3:0,0,1)", "height": 1.0, "text": ".G", "angle": 0.0, "widthscale": 1.0, "oblique": 0.0, "style": "MtXpl_Arial_Black", "textgen": 0, "alignh": 0, "alignv": 0, "interlin": -1.0 }, "geometry": { "type": "Point", "coordinates": [ -1.636010402485274, 52.686339220340443, -3.535439226490715 ] } },
{ "type": "Feature", "properties": { "fid": 232, "handle": 247687, "block": -1, "etype": 25, "space": 0, "layer": "text", "olinetype": "BYLAYER", "linetype": "", "color": "0,0,0,255", "ocolor": 7, "color24": -1, "transparency": 0, "lweight": -1, "linewidth": 0.0, "ltscale": 1.0, "visible": 1, "thickness": 0.0, "ext": "(3:0,0,1)", "height": 1.0, "text": ".W", "angle": 0.0, "widthscale": 1.0, "oblique": 0.0, "style": "MtXpl_Arial_Black", "textgen": 0, "alignh": 0, "alignv": 0, "interlin": -1.0 }, "geometry": { "type": "Point", "coordinates": [ -1.63598630598913, 52.686339146445228, -3.535439226490715 ] } },
{ "type": "Feature", "properties": { "fid": 233, "handle": 247707, "block": -1, "etype": 25, "space": 0, "layer": "text", "olinetype": "BYLAYER", "linetype": "", "color": "0,0,0,255", "ocolor": 7, "color24": -1, "transparency": 0, "lweight": -1, "linewidth": 0.0, "ltscale": 1.0, "visible": 1, "thickness": 0.0, "ext": "(3:0,0,1)", "height": 1.0, "text": "MV-3", "angle": 52.091834535844391, "widthscale": 1.0, "oblique": 0.0, "style": "MtXpl_Arial_Black", "textgen": 0, "alignh": 0, "alignv": 0, "interlin": -1.0 }, "geometry": { "type": "Point", "coordinates": [ -1.636363061284514, 52.685653863045935, -4.29191486235744 ] } },
{ "type": "Feature", "properties": { "fid": 234, "handle": 247708, "block": -1, "etype": 25, "space": 0, "layer": "text", "olinetype": "BYLAYER", "linetype": "", "color": "255,191,0,255", "ocolor": 40, "color24": -1, "transparency": 0, "lweight": -1, "linewidth": 0.0, "ltscale": 1.0, "visible": 1, "thickness": 0.0, "ext": "(3:0,0,1)", "height": 1.0, "text": ".G", "angle": 52.091834535844391, "widthscale": 1.0, "oblique": 0.0, "style": "MtXpl_Arial_Black", "textgen": 0, "alignh": 0, "alignv": 0, "interlin": -1.0 }, "geometry": { "type": "Point", "coordinates": [ -1.636328281402148, 52.685680724847586, -4.29191486235744 ] } },
{ "type": "Feature", "properties": { "fid": 235, "handle": 247709, "block": -1, "etype": 25, "space": 0, "layer": "text", "olinetype": "BYLAYER", "linetype": "", "color": "0,0,0,255", "ocolor": 7, "color24": -1, "transparency": 0, "lweight": -1, "linewidth": 0.0, "ltscale": 1.0, "visible": 1, "thickness": 0.0, "ext": "(3:0,0,1)", "height": 1.0, "text": ".W", "angle": 52.091834535844391, "widthscale": 1.0, "oblique": 0.0, "style": "MtXpl_Arial_Black", "textgen": 0, "alignh": 0, "alignv": 0, "interlin": -1.0 }, "geometry": { "type": "Point", "coordinates": [ -1.636313381073401, 52.685692232914484, -4.29191486235744 ] } },
{ "type": "Feature", "properties": { "fid": 236, "handle": 247716, "block": -1, "etype": 25, "space": 0, "layer": "text", "olinetype": "BYLAYER", "linetype": "", "color": "0,0,0,255", "ocolor": 7, "color24": -1, "transparency": 0, "lweight": -1, "linewidth": 0.0, "ltscale": 1.0, "visible": 1, "thickness": 0.0, "ext": "(3:0,0,1)", "height": 1.0, "text": "MV-3", "angle": 43.920727285960091, "widthscale": 1.0, "oblique": 0.0, "style": "MtXpl_Arial_Black", "textgen": 0, "alignh": 0, "alignv": 0, "interlin": -1.0 }, "geometry": { "type": "Point", "coordinates": [ -1.636735412430128, 52.685406897111697, -4.64410563594061 ] } },
{ "type": "Feature", "properties": { "fid": 237, "handle": 247717, "block": -1, "etype": 25, "space": 0, "layer": "text", "olinetype": "BYLAYER", "linetype": "", "color": "255,191,0,255", "ocolor": 40, "color24": -1, "transparency": 0, "lweight": -1, "linewidth": 0.0, "ltscale": 1.0, "visible": 1, "thickness": 0.0, "ext": "(3:0,0,1)", "height": 1.0, "text": ".G", "angle": 43.920727285960091, "widthscale": 1.0, "oblique": 0.0, "style": "MtXpl_Arial_Black", "textgen": 0, "alignh": 0, "alignv": 0, "interlin": -1.0 }, "geometry": { "type": "Point", "coordinates": [ -1.636694703541379, 52.685430482299289, -4.64410563594061 ] } },
{ "type": "Feature", "properties": { "fid": 238, "handle": 247718, "block": -1, "etype": 25, "space": 0, "layer": "text", "olinetype": "BYLAYER", "linetype": "", "color": "0,0,0,255", "ocolor": 7, "color24": -1, "transparency": 0, "lweight": -1, "linewidth": 0.0, "ltscale": 1.0, "visible": 1, "thickness": 0.0, "ext": "(3:0,0,1)", "height": 1.0, "text": ".W", "angle": 43.920727285960091, "widthscale": 1.0, "oblique": 0.0, "style": "MtXpl_Arial_Black", "textgen": 0, "alignh": 0, "alignv": 0, "interlin": -1.0 }, "geometry": { "type": "Point", "coordinates": [ -1.636677263121278, 52.685440586605722, -4.64410563594061 ] } },
{ "type": "Feature", "properties": { "fid": 239, "handle": 247725, "block": -1, "etype": 25, "space": 0, "layer": "text", "olinetype": "BYLAYER", "linetype": "", "color": "0,0,0,255", "ocolor": 7, "color24": -1, "transparency": 0, "lweight": -1, "linewidth": 0.0, "ltscale": 1.0, "visible": 1, "thickness": 0.0, "ext": "(3:0,0,1)", "height": 1.0, "text": "MV-3", "angle": 53.056984208416097, "widthscale": 1.0, "oblique": 0.0, "style": "MtXpl_Arial_Black", "textgen": 0, "alignh": 0, "alignv": 0, "interlin": -1.0 }, "geometry": { "type": "Point", "coordinates": [ -1.637218746408901, 52.685087971105688, -5.120794989147407 ] } },
{ "type": "Feature", "properties": { "fid": 240, "handle": 247726, "block": -1, "etype": 25, "space": 0, "layer": "text", "olinetype": "BYLAYER", "linetype": "", "color": "255,191,0,255", "ocolor": 40, "color24": -1, "transparency": 0, "lweight": -1, "linewidth": 0.0, "ltscale": 1.0, "visible": 1, "thickness": 0.0, "ext": "(3:0,0,1)", "height": 1.0, "text": ".G", "angle": 53.056984208416097, "widthscale": 1.0, "oblique": 0.0, "style": "MtXpl_Arial_Black", "textgen": 0, "alignh": 0, "alignv": 0, "interlin": -1.0 }, "geometry": { "type": "Point", "coordinates": [ -1.637184717001323, 52.685115185360644, -5.120794989147407 ] } },
{ "type": "Feature", "properties": { "fid": 241, "handle": 247727, "block": -1, "etype": 25, "space": 0, "layer": "text", "olinetype": "BYLAYER", "linetype": "", "color": "0,0,0,255", "ocolor": 7, "color24": -1, "transparency": 0, "lweight": -1, "linewidth": 0.0, "ltscale": 1.0, "visible": 1, "thickness": 0.0, "ext": "(3:0,0,1)", "height": 1.0, "text": ".W", "angle": 53.056984208416097, "widthscale": 1.0, "oblique": 0.0, "style": "MtXpl_Arial_Black", "textgen": 0, "alignh": 0, "alignv": 0, "interlin": -1.0 }, "geometry": { "type": "Point", "coordinates": [ -1.637170138189339, 52.685126844424886, -5.120794989147407 ] } },
{ "type": "Feature", "properties": { "fid": 242, "handle": 247740, "block": -1, "etype": 25, "space": 0, "layer": "text", "olinetype": "BYLAYER", "linetype": "", "color": "0,0,0,255", "ocolor": 7, "color24": -1, "transparency": 0, "lweight": -1, "linewidth": 0.0, "ltscale": 1.0, "visible": 1, "thickness": 0.0, "ext": "(3:0,0,1)", "height": 1.0, "text": "MV-3", "angle": 359.93827040069891, "widthscale": 1.0, "oblique": 0.0, "style": "MtXpl_Arial_Black", "textgen": 0, "alignh": 0, "alignv": 0, "interlin": -1.0 }, "geometry": { "type": "Point", "coordinates": [ -1.638083612218225, 52.684955354164572, -5.736503854201666 ] } },
{ "type": "Feature", "properties": { "fid": 243, "handle": 247741, "block": -1, "etype": 25, "space": 0, "layer": "text", "olinetype": "BYLAYER", "linetype": "", "color": "255,191,0,255", "ocolor": 40, "color24": -1, "transparency": 0, "lweight": -1, "linewidth": 0.0, "ltscale": 1.0, "visible": 1, "thickness": 0.0, "ext": "(3:0,0,1)", "height": 1.0, "text": ".G", "angle": 359.93827040069891, "widthscale": 1.0, "oblique": 0.0, "style": "MtXpl_Arial_Black", "textgen": 0, "alignh": 0, "alignv": 0, "interlin": -1.0 }, "geometry": { "type": "Point", "coordinates": [ -1.638027368992653, 52.684955145827914, -5.736503854201666 ] } },
{ "type": "Feature", "properties": { "fid": 244, "handle": 247742, "block": -1, "etype": 25, "space": 0, "layer": "text", "olinetype": "BYLAYER", "linetype": "", "color": "0,0,0,255", "ocolor": 7, "color24": -1, "transparency": 0, "lweight": -1, "linewidth": 0.0, "ltscale": 1.0, "visible": 1, "thickness": 0.0, "ext": "(3:0,0,1)", "height": 1.0, "text": ".W", "angle": 359.93827040069891, "widthscale": 1.0, "oblique": 0.0, "style": "MtXpl_Arial_Black", "textgen": 0, "alignh": 0, "alignv": 0, "interlin": -1.0 }, "geometry": { "type": "Point", "coordinates": [ -1.638003273402138, 52.68495505656464, -5.736503854201666 ] } },
{ "type": "Feature", "properties": { "fid": 245, "handle": 247795, "block": -1, "etype": 25, "space": 0, "layer": "text", "olinetype": "BYLAYER", "linetype": "", "color": "0,0,0,255", "ocolor": 7, "color24": -1, "transparency": 0, "lweight": -1, "linewidth": 0.0, "ltscale": 1.0, "visible": 1, "thickness": 0.0, "ext": "(3:0,0,1)", "height": 1.0, "text": "MV-2R", "angle": 0.0, "widthscale": 1.0, "oblique": 0.0, "style": "MtXpl_Arial_Black", "textgen": 0, "alignh": 0, "alignv": 0, "interlin": -1.0 }, "geometry": { "type": "Point", "coordinates": [ -1.638925868485661, 52.685066107702575, -6.318105162259643 ] } },
{ "type": "Feature", "properties": { "fid": 246, "handle": 247796, "block": -1, "etype": 25, "space": 0, "layer": "text", "olinetype": "BYLAYER", "linetype": "", "color": "255,191,0,255", "ocolor": 40, "color24": -1, "transparency": 0, "lweight": -1, "linewidth": 0.0, "ltscale": 1.0, "visible": 1, "thickness": 0.0, "ext": "(3:0,0,1)", "height": 1.0, "text": ".G.W", "angle": 0.0, "widthscale": 1.0, "oblique": 0.0, "style": "MtXpl_Arial_Black", "textgen": 0, "alignh": 0, "alignv": 0, "interlin": -1.0 }, "geometry": { "type": "Point", "coordinates": [ -1.638853500367586, 52.685065887529781, -6.318105162259643 ] } },
{ "type": "Feature", "properties": { "fid": 247, "handle": 247803, "block": -1, "etype": 25, "space": 0, "layer": "text", "olinetype": "BYLAYER", "linetype": "", "color": "0,0,0,255", "ocolor": 7, "color24": -1, "transparency": 0, "lweight": -1, "linewidth": 0.0, "ltscale": 1.0, "visible": 1, "thickness": 0.0, "ext": "(3:0,0,1)", "height": 1.0, "text": "MV-3", "angle": 89.932372579709096, "widthscale": 1.0, "oblique": 0.0, "style": "MtXpl_Arial_Black", "textgen": 0, "alignh": 0, "alignv": 0, "interlin": -1.0 }, "geometry": { "type": "Point", "coordinates": [ -1.638701702783308, 52.685592466348183, -6.968032080346024 ] } },
{ "type": "Feature", "properties": { "fid": 248, "handle": 247804, "block": -1, "etype": 25, "space": 0, "layer": "text", "olinetype": "BYLAYER", "linetype": "", "color": "255,191,0,255", "ocolor": 40, "color24": -1, "transparency": 0, "lweight": -1, "linewidth": 0.0, "ltscale": 1.0, "visible": 1, "thickness": 0.0, "ext": "(3:0,0,1)", "height": 1.0, "text": ".G", "angle": 89.932372579709096, "widthscale": 1.0, "oblique": 0.0, "style": "MtXpl_Arial_Black", "textgen": 0, "alignh": 0, "alignv": 0, "interlin": -1.0 }, "geometry": { "type": "Point", "coordinates": [ -1.63870135509114, 52.685626645837488, -6.968032080346024 ] } },
{ "type": "Feature", "properties": { "fid": 249, "handle": 247805, "block": -1, "etype": 25, "space": 0, "layer": "text", "olinetype": "BYLAYER", "linetype": "", "color": "0,0,0,255", "ocolor": 7, "color24": -1, "transparency": 0, "lweight": -1, "linewidth": 0.0, "ltscale": 1.0, "visible": 1, "thickness": 0.0, "ext": "(3:0,0,1)", "height": 1.0, "text": ".W", "angle": 89.932372579709096, "widthscale": 1.0, "oblique": 0.0, "style": "MtXpl_Arial_Black", "textgen": 0, "alignh": 0, "alignv": 0, "interlin": -1.0 }, "geometry": { "type": "Point", "coordinates": [ -1.63870120613347, 52.685641288934022, -6.968032080346024 ] } },
{ "type": "Feature", "properties": { "fid": 250, "handle": 247874, "block": -1, "etype": 25, "space": 0, "layer": "text", "olinetype": "BYLAYER", "linetype": "", "color": "0,0,0,255", "ocolor": 7, "color24": -1, "transparency": 0, "lweight": -1, "linewidth": 0.0, "ltscale": 1.0, "visible": 1, "thickness": 0.0, "ext": "(3:0,0,1)", "height": 1.0, "text": "MV-3R", "angle": 0.0, "widthscale": 1.0, "oblique": 0.0, "style": "MtXpl_Arial_Black", "textgen": 0, "alignh": 0, "alignv": 0, "interlin": -1.0 }, "geometry": { "type": "Point", "coordinates": [ -1.638606684470996, 52.686274629156728, -7.653087846794586 ] } },
{ "type": "Feature", "properties": { "fid": 251, "handle": 247875, "block": -1, "etype": 25, "space": 0, "layer": "text", "olinetype": "BYLAYER", "linetype": "", "color": "255,191,0,255", "ocolor": 40, "color24": -1, "transparency": 0, "lweight": -1, "linewidth": 0.0, "ltscale": 1.0, "visible": 1, "thickness": 0.0, "ext": "(3:0,0,1)", "height": 1.0, "text": ".G", "angle": 0.0, "widthscale": 1.0, "oblique": 0.0, "style": "MtXpl_Arial_Black", "textgen": 0, "alignh": 0, "alignv": 0, "interlin": -1.0 }, "geometry": { "type": "Point", "coordinates": [ -1.638534314344165, 52.686274408793743, -7.653087846794586 ] } },
{ "type": "Feature", "properties": { "fid": 252, "handle": 247928, "block": -1, "etype": 25, "space": 0, "layer": "text", "olinetype": "BYLAYER", "linetype": "", "color": "0,0,0,255", "ocolor": 7, "color24": -1, "transparency": 0, "lweight": -1, "linewidth": 0.0, "ltscale": 1.0, "visible": 1, "thickness": 0.0, "ext": "(3:0,0,1)", "height": 1.0, "text": "MV-2R", "angle": 0.0, "widthscale": 1.0, "oblique": 0.0, "style": "MtXpl_Arial_Black", "textgen": 0, "alignh": 0, "alignv": 0, "interlin": -1.0 }, "geometry": { "type": "Point", "coordinates": [ -1.638929477110755, 52.686307144617949, -7.897623437961365 ] } },
{ "type": "Feature", "properties": { "fid": 253, "handle": 247929, "block": -1, "etype": 25, "space": 0, "layer": "text", "olinetype": "BYLAYER", "linetype": "", "color": "255,191,0,255", "ocolor": 40, "color24": -1, "transparency": 0, "lweight": -1, "linewidth": 0.0, "ltscale": 1.0, "visible": 1, "thickness": 0.0, "ext": "(3:0,0,1)", "height": 1.0, "text": ".G.W", "angle": 0.0, "widthscale": 1.0, "oblique": 0.0, "style": "MtXpl_Arial_Black", "textgen": 0, "alignh": 0, "alignv": 0, "interlin": -1.0 }, "geometry": { "type": "Point", "coordinates": [ -1.638857106927214, 52.686306924452182, -7.897623437961365 ] } },
{ "type": "Feature", "properties": { "fid": 254, "handle": 247935, "block": -1, "etype": 25, "space": 0, "layer": "text", "olinetype": "BYLAYER", "linetype": "", "color": "0,0,0,255", "ocolor": 7, "color24": -1, "transparency": 0, "lweight": -1, "linewidth": 0.0, "ltscale": 1.0, "visible": 1, "thickness": 0.0, "ext": "(3:0,0,1)", "height": 1.0, "text": "MV-3", "angle": 0.0, "widthscale": 1.0, "oblique": 0.0, "style": "MtXpl_Arial_Black", "textgen": 0, "alignh": 0, "alignv": 0, "interlin": -1.0 }, "geometry": { "type": "Point", "coordinates": [ -1.63857922125118, 52.686349394632849, -7.765668323770981 ] } },
{ "type": "Feature", "properties": { "fid": 255, "handle": 247936, "block": -1, "etype": 25, "space": 0, "layer": "text", "olinetype": "BYLAYER", "linetype": "", "color": "255,191,0,255", "ocolor": 40, "color24": -1, "transparency": 0, "lweight": -1, "linewidth": 0.0, "ltscale": 1.0, "visible": 1, "thickness": 0.0, "ext": "(3:0,0,1)", "height": 1.0, "text": ".G", "angle": 0.0, "widthscale": 1.0, "oblique": 0.0, "style": "MtXpl_Arial_Black", "textgen": 0, "alignh": 0, "alignv": 0, "interlin": -1.0 }, "geometry": { "type": "Point", "coordinates": [ -1.638522975883096, 52.686349223360175, -7.765668323770981 ] } },
{ "type": "Feature", "properties": { "fid": 256, "handle": 247937, "block": -1, "etype": 25, "space": 0, "layer": "text", "olinetype": "BYLAYER", "linetype": "", "color": "0,0,0,255", "ocolor": 7, "color24": -1, "transparency": 0, "lweight": -1, "linewidth": 0.0, "ltscale": 1.0, "visible": 1, "thickness": 0.0, "ext": "(3:0,0,1)", "height": 1.0, "text": ".W", "angle": 0.0, "widthscale": 1.0, "oblique": 0.0, "style": "MtXpl_Arial_Black", "textgen": 0, "alignh": 0, "alignv": 0, "interlin": -1.0 }, "geometry": { "type": "Point", "coordinates": [ -1.638498879374661, 52.686349149975761, -7.765668323770981 ] } },
{ "type": "Feature", "properties": { "fid": 257, "handle": 247945, "block": -1, "etype": 25, "space": 0, "layer": "text", "olinetype": "BYLAYER", "linetype": "", "color": "0,0,0,255", "ocolor": 7, "color24": -1, "transparency": 0, "lweight": -1, "linewidth": 0.0, "ltscale": 1.0, "visible": 1, "thickness": 0.0, "ext": "(3:0,0,1)", "height": 1.0, "text": "MV-3", "angle": 90.361054767046184, "widthscale": 1.0, "oblique": 0.0, "style": "MtXpl_Arial_Black", "textgen": 0, "alignh": 0, "alignv": 0, "interlin": -1.0 }, "geometry": { "type": "Point", "coordinates": [ -1.638693886733958, 52.686392877592802, -8.015487768328343 ] } },
{ "type": "Feature", "properties": { "fid": 258, "handle": 247946, "block": -1, "etype": 25, "space": 0, "layer": "text", "olinetype": "BYLAYER", "linetype": "", "color": "255,191,0,255", "ocolor": 40, "color24": -1, "transparency": 0, "lweight": -1, "linewidth": 0.0, "ltscale": 1.0, "visible": 1, "thickness": 0.0, "ext": "(3:0,0,1)", "height": 1.0, "text": ".G", "angle": 90.361054767046184, "widthscale": 1.0, "oblique": 0.0, "style": "MtXpl_Arial_Black", "textgen": 0, "alignh": 0, "alignv": 0, "interlin": -1.0 }, "geometry": { "type": "Point", "coordinates": [ -1.638693959853045, 52.686427057703575, -8.015487768328343 ] } },
{ "type": "Feature", "properties": { "fid": 259, "handle": 247947, "block": -1, "etype": 25, "space": 0, "layer": "text", "olinetype": "BYLAYER", "linetype": "", "color": "0,0,0,255", "ocolor": 7, "color24": -1, "transparency": 0, "lweight": -1, "linewidth": 0.0, "ltscale": 1.0, "visible": 1, "thickness": 0.0, "ext": "(3:0,0,1)", "height": 1.0, "text": ".W", "angle": 90.361054767046184, "widthscale": 1.0, "oblique": 0.0, "style": "MtXpl_Arial_Black", "textgen": 0, "alignh": 0, "alignv": 0, "interlin": -1.0 }, "geometry": { "type": "Point", "coordinates": [ -1.638693991178548, 52.686441701066364, -8.015487768328343 ] } },
{ "type": "Feature", "properties": { "fid": 260, "handle": 247954, "block": -1, "etype": 25, "space": 0, "layer": "text", "olinetype": "BYLAYER", "linetype": "", "color": "0,0,0,255", "ocolor": 7, "color24": -1, "transparency": 0, "lweight": -1, "linewidth": 0.0, "ltscale": 1.0, "visible": 1, "thickness": 0.0, "ext": "(3:0,0,1)", "height": 1.0, "text": "MV-3", "angle": 0.0, "widthscale": 1.0, "oblique": 0.0, "style": "MtXpl_Arial_Black", "textgen": 0, "alignh": 0, "alignv": 0, "interlin": -1.0 }, "geometry": { "type": "Point", "coordinates": [ -1.639494201227225, 52.686484455770881, -9.468070981072556 ] } },
{ "type": "Feature", "properties": { "fid": 261, "handle": 247955, "block": -1, "etype": 25, "space": 0, "layer": "text", "olinetype": "BYLAYER", "linetype": "", "color": "255,191,0,255", "ocolor": 40, "color24": -1, "transparency": 0, "lweight": -1, "linewidth": 0.0, "ltscale": 1.0, "visible": 1, "thickness": 0.0, "ext": "(3:0,0,1)", "height": 1.0, "text": ".G", "angle": 0.0, "widthscale": 1.0, "oblique": 0.0, "style": "MtXpl_Arial_Black", "textgen": 0, "alignh": 0, "alignv": 0, "interlin": -1.0 }, "geometry": { "type": "Point", "coordinates": [ -1.639437955678727, 52.686484284932789, -9.468070981072556 ] } },
{ "type": "Feature", "properties": { "fid": 262, "handle": 247956, "block": -1, "etype": 25, "space": 0, "layer": "text", "olinetype": "BYLAYER", "linetype": "", "color": "0,0,0,255", "ocolor": 7, "color24": -1, "transparency": 0, "lweight": -1, "linewidth": 0.0, "ltscale": 1.0, "visible": 1, "thickness": 0.0, "ext": "(3:0,0,1)", "height": 1.0, "text": ".W", "angle": 0.0, "widthscale": 1.0, "oblique": 0.0, "style": "MtXpl_Arial_Black", "textgen": 0, "alignh": 0, "alignv": 0, "interlin": -1.0 }, "geometry": { "type": "Point", "coordinates": [ -1.639413859093003, 52.686484211734573, -9.468070981072556 ] } },
{ "type": "Feature", "properties": { "fid": 263, "handle": 247964, "block": -1, "etype": 25, "space": 0, "layer": "text", "olinetype": "BYLAYER", "linetype": "", "color": "0,0,0,255", "ocolor": 7, "color24": -1, "transparency": 0, "lweight": -1, "linewidth": 0.0, "ltscale": 1.0, "visible": 1, "thickness": 0.0, "ext": "(3:0,0,1)", "height": 1.0, "text": "MV-3", "angle": 78.674023351149785, "widthscale": 1.0, "oblique": 0.0, "style": "MtXpl_Arial_Black", "textgen": 0, "alignh": 0, "alignv": 0, "interlin": -1.0 }, "geometry": { "type": "Point", "coordinates": [ -1.642883674938124, 52.686730518427808, -11.031152899696149 ] } },
{ "type": "Feature", "properties": { "fid": 264, "handle": 247965, "block": -1, "etype": 25, "space": 0, "layer": "text", "olinetype": "BYLAYER", "linetype": "", "color": "255,191,0,255", "ocolor": 40, "color24": -1, "transparency": 0, "lweight": -1, "linewidth": 0.0, "ltscale": 1.0, "visible": 1, "thickness": 0.0, "ext": "(3:0,0,1)", "height": 1.0, "text": ".G", "angle": 78.674023351149785, "widthscale": 1.0, "oblique": 0.0, "style": "MtXpl_Arial_Black", "textgen": 0, "alignh": 0, "alignv": 0, "interlin": -1.0 }, "geometry": { "type": "Point", "coordinates": [ -1.642872356143658, 52.686763999280515, -11.031152899696149 ] } },
{ "type": "Feature", "properties": { "fid": 265, "handle": 247966, "block": -1, "etype": 25, "space": 0, "layer": "text", "olinetype": "BYLAYER", "linetype": "", "color": "0,0,0,255", "ocolor": 7, "color24": -1, "transparency": 0, "lweight": -1, "linewidth": 0.0, "ltscale": 1.0, "visible": 1, "thickness": 0.0, "ext": "(3:0,0,1)", "height": 1.0, "text": ".W", "angle": 78.674023351149785, "widthscale": 1.0, "oblique": 0.0, "style": "MtXpl_Arial_Black", "textgen": 0, "alignh": 0, "alignv": 0, "interlin": -1.0 }, "geometry": { "type": "Point", "coordinates": [ -1.642867506966924, 52.686778343068497, -11.031152899696149 ] } },
{ "type": "Feature", "properties": { "fid": 266, "handle": 247997, "block": -1, "etype": 25, "space": 0, "layer": "text", "olinetype": "BYLAYER", "linetype": "", "color": "0,0,0,255", "ocolor": 7, "color24": -1, "transparency": 0, "lweight": -1, "linewidth": 0.0, "ltscale": 1.0, "visible": 1, "thickness": 0.0, "ext": "(3:0,0,1)", "height": 1.0, "text": "MV-3", "angle": 30.251421114474891, "widthscale": 1.0, "oblique": 0.0, "style": "MtXpl_Arial_Black", "textgen": 0, "alignh": 0, "alignv": 0, "interlin": -1.0 }, "geometry": { "type": "Point", "coordinates": [ -1.642958609962869, 52.68745823482918, -11.91188942635296 ] } },
{ "type": "Feature", "properties": { "fid": 267, "handle": 247998, "block": -1, "etype": 25, "space": 0, "layer": "text", "olinetype": "BYLAYER", "linetype": "", "color": "255,191,0,255", "ocolor": 40, "color24": -1, "transparency": 0, "lweight": -1, "linewidth": 0.0, "ltscale": 1.0, "visible": 1, "thickness": 0.0, "ext": "(3:0,0,1)", "height": 1.0, "text": ".G", "angle": 30.251421114474891, "widthscale": 1.0, "oblique": 0.0, "style": "MtXpl_Arial_Black", "textgen": 0, "alignh": 0, "alignv": 0, "interlin": -1.0 }, "geometry": { "type": "Point", "coordinates": [ -1.642909882593546, 52.687475308258648, -11.91188942635296 ] } },
{ "type": "Feature", "properties": { "fid": 268, "handle": 247999, "block": -1, "etype": 25, "space": 0, "layer": "text", "olinetype": "BYLAYER", "linetype": "", "color": "0,0,0,255", "ocolor": 7, "color24": -1, "transparency": 0, "lweight": -1, "linewidth": 0.0, "ltscale": 1.0, "visible": 1, "thickness": 0.0, "ext": "(3:0,0,1)", "height": 1.0, "text": ".W", "angle": 30.251421114474891, "widthscale": 1.0, "oblique": 0.0, "style": "MtXpl_Arial_Black", "textgen": 0, "alignh": 0, "alignv": 0, "interlin": -1.0 }, "geometry": { "type": "Point", "coordinates": [ -1.642889006916635, 52.68748262281111, -11.91188942635296 ] } },
{ "type": "Feature", "properties": { "fid": 269, "handle": 248064, "block": -1, "etype": 25, "space": 0, "layer": "text", "olinetype": "BYLAYER", "linetype": "", "color": "0,0,0,255", "ocolor": 7, "color24": -1, "transparency": 0, "lweight": -1, "linewidth": 0.0, "ltscale": 1.0, "visible": 1, "thickness": 0.0, "ext": "(3:0,0,1)", "height": 1.0, "text": "MV-3R", "angle": 0.0, "widthscale": 1.0, "oblique": 0.0, "style": "MtXpl_Arial_Black", "textgen": 0, "alignh": 0, "alignv": 0, "interlin": -1.0 }, "geometry": { "type": "Point", "coordinates": [ -1.642774786424108, 52.687882347691648, -12.695684095145349 ] } },
{ "type": "Feature", "properties": { "fid": 270, "handle": 248065, "block": -1, "etype": 25, "space": 0, "layer": "text", "olinetype": "BYLAYER", "linetype": "", "color": "255,191,0,255", "ocolor": 40, "color24": -1, "transparency": 0, "lweight": -1, "linewidth": 0.0, "ltscale": 1.0, "visible": 1, "thickness": 0.0, "ext": "(3:0,0,1)", "height": 1.0, "text": ".G", "angle": 0.0, "widthscale": 1.0, "oblique": 0.0, "style": "MtXpl_Arial_Black", "textgen": 0, "alignh": 0, "alignv": 0, "interlin": -1.0 }, "geometry": { "type": "Point", "coordinates": [ -1.642702413588058, 52.687882129879895, -12.695684095145349 ] } },
{ "type": "Feature", "properties": { "fid": 271, "handle": 248079, "block": -1, "etype": 25, "space": 0, "layer": "text", "olinetype": "BYLAYER", "linetype": "", "color": "0,0,0,255", "ocolor": 7, "color24": -1, "transparency": 0, "lweight": -1, "linewidth": 0.0, "ltscale": 1.0, "visible": 1, "thickness": 0.0, "ext": "(3:0,0,1)", "height": 1.0, "text": "MV-3", "angle": 281.00734338319415, "widthscale": 1.0, "oblique": 0.0, "style": "MtXpl_Arial_Black", "textgen": 0, "alignh": 0, "alignv": 0, "interlin": -1.0 }, "geometry": { "type": "Point", "coordinates": [ -1.642734112996814, 52.688088686799155, -12.91203347130994 ] } },
{ "type": "Feature", "properties": { "fid": 272, "handle": 248080, "block": -1, "etype": 25, "space": 0, "layer": "text", "olinetype": "BYLAYER", "linetype": "", "color": "255,191,0,255", "ocolor": 40, "color24": -1, "transparency": 0, "lweight": -1, "linewidth": 0.0, "ltscale": 1.0, "visible": 1, "thickness": 0.0, "ext": "(3:0,0,1)", "height": 1.0, "text": ".G", "angle": 281.00734338319415, "widthscale": 1.0, "oblique": 0.0, "style": "MtXpl_Arial_Black", "textgen": 0, "alignh": 0, "alignv": 0, "interlin": -1.0 }, "geometry": { "type": "Point", "coordinates": [ -1.642723646415938, 52.688055103587168, -12.91203347130994 ] } },
{ "type": "Feature", "properties": { "fid": 273, "handle": 248081, "block": -1, "etype": 25, "space": 0, "layer": "text", "olinetype": "BYLAYER", "linetype": "", "color": "0,0,0,255", "ocolor": 7, "color24": -1, "transparency": 0, "lweight": -1, "linewidth": 0.0, "ltscale": 1.0, "visible": 1, "thickness": 0.0, "ext": "(3:0,0,1)", "height": 1.0, "text": ".W", "angle": 281.00734338319415, "widthscale": 1.0, "oblique": 0.0, "style": "MtXpl_Arial_Black", "textgen": 0, "alignh": 0, "alignv": 0, "interlin": -1.0 }, "geometry": { "type": "Point", "coordinates": [ -1.642719162352828, 52.688040715945945, -12.91203347130994 ] } },
{ "type": "Feature", "properties": { "fid": 274, "handle": 248087, "block": -1, "etype": 25, "space": 0, "layer": "text", "olinetype": "BYLAYER", "linetype": "", "color": "0,0,0,255", "ocolor": 7, "color24": -1, "transparency": 0, "lweight": -1, "linewidth": 0.0, "ltscale": 1.0, "visible": 1, "thickness": 0.0, "ext": "(3:0,0,1)", "height": 1.0, "text": "MV-3", "angle": 0.0, "widthscale": 1.0, "oblique": 0.0, "style": "MtXpl_Arial_Black", "textgen": 0, "alignh": 0, "alignv": 0, "interlin": -1.0 }, "geometry": { "type": "Point", "coordinates": [ -1.642921541561866, 52.688320465982713, -13.209312751705809 ] } },
{ "type": "Feature", "properties": { "fid": 275, "handle": 248088, "block": -1, "etype": 25, "space": 0, "layer": "text", "olinetype": "BYLAYER", "linetype": "", "color": "255,191,0,255", "ocolor": 40, "color24": -1, "transparency": 0, "lweight": -1, "linewidth": 0.0, "ltscale": 1.0, "visible": 1, "thickness": 0.0, "ext": "(3:0,0,1)", "height": 1.0, "text": ".G", "angle": 0.0, "widthscale": 1.0, "oblique": 0.0, "style": "MtXpl_Arial_Black", "textgen": 0, "alignh": 0, "alignv": 0, "interlin": -1.0 }, "geometry": { "type": "Point", "coordinates": [ -1.642865293617066, 52.688320296776602, -13.209312751705809 ] } },
{ "type": "Feature", "properties": { "fid": 276, "handle": 248089, "block": -1, "etype": 25, "space": 0, "layer": "text", "olinetype": "BYLAYER", "linetype": "", "color": "0,0,0,255", "ocolor": 7, "color24": -1, "transparency": 0, "lweight": -1, "linewidth": 0.0, "ltscale": 1.0, "visible": 1, "thickness": 0.0, "ext": "(3:0,0,1)", "height": 1.0, "text": ".W", "angle": 0.0, "widthscale": 1.0, "oblique": 0.0, "style": "MtXpl_Arial_Black", "textgen": 0, "alignh": 0, "alignv": 0, "interlin": -1.0 }, "geometry": { "type": "Point", "coordinates": [ -1.64284119600472, 52.68832022427754, -13.209312751705809 ] } },
{ "type": "Feature", "properties": { "fid": 277, "handle": 248153, "block": -1, "etype": 25, "space": 0, "layer": "text", "olinetype": "BYLAYER", "linetype": "", "color": "0,0,0,255", "ocolor": 7, "color24": -1, "transparency": 0, "lweight": -1, "linewidth": 0.0, "ltscale": 1.0, "visible": 1, "thickness": 0.0, "ext": "(3:0,0,1)", "height": 1.0, "text": "MV-3R", "angle": 0.0, "widthscale": 1.0, "oblique": 0.0, "style": "MtXpl_Arial_Black", "textgen": 0, "alignh": 0, "alignv": 0, "interlin": -1.0 }, "geometry": { "type": "Point", "coordinates": [ -1.64337130572858, 52.688259696894598, -13.35981001088588 ] } },
{ "type": "Feature", "properties": { "fid": 278, "handle": 248154, "block": -1, "etype": 25, "space": 0, "layer": "text", "olinetype": "BYLAYER", "linetype": "", "color": "255,191,0,255", "ocolor": 40, "color24": -1, "transparency": 0, "lweight": -1, "linewidth": 0.0, "ltscale": 1.0, "visible": 1, "thickness": 0.0, "ext": "(3:0,0,1)", "height": 1.0, "text": ".G.W", "angle": 0.0, "widthscale": 1.0, "oblique": 0.0, "style": "MtXpl_Arial_Black", "textgen": 0, "alignh": 0, "alignv": 0, "interlin": -1.0 }, "geometry": { "type": "Point", "coordinates": [ -1.64329893225969, 52.688259479448533, -13.35981001088588 ] } },
{ "type": "Feature", "properties": { "fid": 279, "handle": 248167, "block": -1, "etype": 25, "space": 0, "layer": "text", "olinetype": "BYLAYER", "linetype": "", "color": "0,0,0,255", "ocolor": 7, "color24": -1, "transparency": 0, "lweight": -1, "linewidth": 0.0, "ltscale": 1.0, "visible": 1, "thickness": 0.0, "ext": "(3:0,0,1)", "height": 1.0, "text": "MV-2", "angle": 48.135323269778155, "widthscale": 1.0, "oblique": 0.0, "style": "MtXpl_Arial_Black", "textgen": 0, "alignh": 0, "alignv": 0, "interlin": -1.0 }, "geometry": { "type": "Point", "coordinates": [ -1.64323161224857, 52.688162704429566, -13.67374372754691 ] } },
{ "type": "Feature", "properties": { "fid": 280, "handle": 248168, "block": -1, "etype": 25, "space": 0, "layer": "text", "olinetype": "BYLAYER", "linetype": "", "color": "255,191,0,255", "ocolor": 40, "color24": -1, "transparency": 0, "lweight": -1, "linewidth": 0.0, "ltscale": 1.0, "visible": 1, "thickness": 0.0, "ext": "(3:0,0,1)", "height": 1.0, "text": ".G", "angle": 48.135323269778155, "widthscale": 1.0, "oblique": 0.0, "style": "MtXpl_Arial_Black", "textgen": 0, "alignh": 0, "alignv": 0, "interlin": -1.0 }, "geometry": { "type": "Point", "coordinates": [ -1.643193867107817, 52.688188046021907, -13.67374372754691 ] } },
{ "type": "Feature", "properties": { "fid": 281, "handle": 248169, "block": -1, "etype": 25, "space": 0, "layer": "text", "olinetype": "BYLAYER", "linetype": "", "color": "0,0,0,255", "ocolor": 7, "color24": -1, "transparency": 0, "lweight": -1, "linewidth": 0.0, "ltscale": 1.0, "visible": 1, "thickness": 0.0, "ext": "(3:0,0,1)", "height": 1.0, "text": ".W", "angle": 48.135323269778155, "widthscale": 1.0, "oblique": 0.0, "style": "MtXpl_Arial_Black", "textgen": 0, "alignh": 0, "alignv": 0, "interlin": -1.0 }, "geometry": { "type": "Point", "coordinates": [ -1.64317769640972, 52.688198902803755, -13.67374372754691 ] } },
{ "type": "Feature", "properties": { "fid": 282, "handle": 248176, "block": -1, "etype": 25, "space": 0, "layer": "text", "olinetype": "BYLAYER", "linetype": "", "color": "0,0,0,255", "ocolor": 7, "color24": -1, "transparency": 0, "lweight": -1, "linewidth": 0.0, "ltscale": 1.0, "visible": 1, "thickness": 0.0, "ext": "(3:0,0,1)", "height": 1.0, "text": "MV-2", "angle": 15.848673956899548, "widthscale": 1.0, "oblique": 0.0, "style": "MtXpl_Arial_Black", "textgen": 0, "alignh": 0, "alignv": 0, "interlin": -1.0 }, "geometry": { "type": "Point", "coordinates": [ -1.643634003525208, 52.68807056877472, -13.845246121270529 ] } },
{ "type": "Feature", "properties": { "fid": 283, "handle": 248177, "block": -1, "etype": 25, "space": 0, "layer": "text", "olinetype": "BYLAYER", "linetype": "", "color": "255,191,0,255", "ocolor": 40, "color24": -1, "transparency": 0, "lweight": -1, "linewidth": 0.0, "ltscale": 1.0, "visible": 1, "thickness": 0.0, "ext": "(3:0,0,1)", "height": 1.0, "text": ".G", "angle": 15.848673956899548, "widthscale": 1.0, "oblique": 0.0, "style": "MtXpl_Arial_Black", "textgen": 0, "alignh": 0, "alignv": 0, "interlin": -1.0 }, "geometry": { "type": "Point", "coordinates": [ -1.643579818293872, 52.688079740719814, -13.845246121270529 ] } },
{ "type": "Feature", "properties": { "fid": 284, "handle": 248178, "block": -1, "etype": 25, "space": 0, "layer": "text", "olinetype": "BYLAYER", "linetype": "", "color": "0,0,0,255", "ocolor": 7, "color24": -1, "transparency": 0, "lweight": -1, "linewidth": 0.0, "ltscale": 1.0, "visible": 1, "thickness": 0.0, "ext": "(3:0,0,1)", "height": 1.0, "text": ".W", "angle": 15.848673956899548, "widthscale": 1.0, "oblique": 0.0, "style": "MtXpl_Arial_Black", "textgen": 0, "alignh": 0, "alignv": 0, "interlin": -1.0 }, "geometry": { "type": "Point", "coordinates": [ -1.643556604377251, 52.688083670135448, -13.845246121270529 ] } },
{ "type": "Feature", "properties": { "fid": 285, "handle": 248185, "block": -1, "etype": 25, "space": 0, "layer": "text", "olinetype": "BYLAYER", "linetype": "", "color": "0,0,0,255", "ocolor": 7, "color24": -1, "transparency": 0, "lweight": -1, "linewidth": 0.0, "ltscale": 1.0, "visible": 1, "thickness": 0.0, "ext": "(3:0,0,1)", "height": 1.0, "text": "MV-2", "angle": 35.554631384009632, "widthscale": 1.0, "oblique": 0.0, "style": "MtXpl_Arial_Black", "textgen": 0, "alignh": 0, "alignv": 0, "interlin": -1.0 }, "geometry": { "type": "Point", "coordinates": [ -1.644323522715895, 52.687968999188143, -14.40096682925393 ] } },
{ "type": "Feature", "properties": { "fid": 286, "handle": 248186, "block": -1, "etype": 25, "space": 0, "layer": "text", "olinetype": "BYLAYER", "linetype": "", "color": "255,191,0,255", "ocolor": 40, "color24": -1, "transparency": 0, "lweight": -1, "linewidth": 0.0, "ltscale": 1.0, "visible": 1, "thickness": 0.0, "ext": "(3:0,0,1)", "height": 1.0, "text": ".G", "angle": 35.554631384009632, "widthscale": 1.0, "oblique": 0.0, "style": "MtXpl_Arial_Black", "textgen": 0, "alignh": 0, "alignv": 0, "interlin": -1.0 }, "geometry": { "type": "Point", "coordinates": [ -1.644277600880401, 52.68798873684959, -14.40096682925393 ] } },
{ "type": "Feature", "properties": { "fid": 287, "handle": 248187, "block": -1, "etype": 25, "space": 0, "layer": "text", "olinetype": "BYLAYER", "linetype": "", "color": "0,0,0,255", "ocolor": 7, "color24": -1, "transparency": 0, "lweight": -1, "linewidth": 0.0, "ltscale": 1.0, "visible": 1, "thickness": 0.0, "ext": "(3:0,0,1)", "height": 1.0, "text": ".W", "angle": 35.554631384009632, "widthscale": 1.0, "oblique": 0.0, "style": "MtXpl_Arial_Black", "textgen": 0, "alignh": 0, "alignv": 0, "interlin": -1.0 }, "geometry": { "type": "Point", "coordinates": [ -1.644257927142655, 52.687997192806776, -14.40096682925393 ] } },
{ "type": "Feature", "properties": { "fid": 288, "handle": 248200, "block": -1, "etype": 25, "space": 0, "layer": "text", "olinetype": "BYLAYER", "linetype": "", "color": "0,0,0,255", "ocolor": 7, "color24": -1, "transparency": 0, "lweight": -1, "linewidth": 0.0, "ltscale": 1.0, "visible": 1, "thickness": 0.0, "ext": "(3:0,0,1)", "height": 1.0, "text": "MV-2", "angle": 22.067779950707351, "widthscale": 1.0, "oblique": 0.0, "style": "MtXpl_Arial_Black", "textgen": 0, "alignh": 0, "alignv": 0, "interlin": -1.0 }, "geometry": { "type": "Point", "coordinates": [ -1.645388735367923, 52.687668795094844, -15.17825064598501 ] } },
{ "type": "Feature", "properties": { "fid": 289, "handle": 248201, "block": -1, "etype": 25, "space": 0, "layer": "text", "olinetype": "BYLAYER", "linetype": "", "color": "255,191,0,255", "ocolor": 40, "color24": -1, "transparency": 0, "lweight": -1, "linewidth": 0.0, "ltscale": 1.0, "visible": 1, "thickness": 0.0, "ext": "(3:0,0,1)", "height": 1.0, "text": ".G", "angle": 22.067779950707351, "widthscale": 1.0, "oblique": 0.0, "style": "MtXpl_Arial_Black", "textgen": 0, "alignh": 0, "alignv": 0, "interlin": -1.0 }, "geometry": { "type": "Point", "coordinates": [ -1.645336505175824, 52.687681480793145, -15.17825064598501 ] } },
{ "type": "Feature", "properties": { "fid": 290, "handle": 248202, "block": -1, "etype": 25, "space": 0, "layer": "text", "olinetype": "BYLAYER", "linetype": "", "color": "0,0,0,255", "ocolor": 7, "color24": -1, "transparency": 0, "lweight": -1, "linewidth": 0.0, "ltscale": 1.0, "visible": 1, "thickness": 0.0, "ext": "(3:0,0,1)", "height": 1.0, "text": ".W", "angle": 22.067779950707351, "widthscale": 1.0, "oblique": 0.0, "style": "MtXpl_Arial_Black", "textgen": 0, "alignh": 0, "alignv": 0, "interlin": -1.0 }, "geometry": { "type": "Point", "coordinates": [ -1.645314128830194, 52.687686915563198, -15.17825064598501 ] } },
{ "type": "Feature", "properties": { "fid": 291, "handle": 248209, "block": -1, "etype": 25, "space": 0, "layer": "text", "olinetype": "BYLAYER", "linetype": "", "color": "0,0,0,255", "ocolor": 7, "color24": -1, "transparency": 0, "lweight": -1, "linewidth": 0.0, "ltscale": 1.0, "visible": 1, "thickness": 0.0, "ext": "(3:0,0,1)", "height": 1.0, "text": "MV-2", "angle": 22.08731020147814, "widthscale": 1.0, "oblique": 0.0, "style": "MtXpl_Arial_Black", "textgen": 0, "alignh": 0, "alignv": 0, "interlin": -1.0 }, "geometry": { "type": "Point", "coordinates": [ -1.646648553949233, 52.687362663649779, -16.11331572837652 ] } },
{ "type": "Feature", "properties": { "fid": 292, "handle": 248210, "block": -1, "etype": 25, "space": 0, "layer": "text", "olinetype": "BYLAYER", "linetype": "", "color": "255,191,0,255", "ocolor": 40, "color24": -1, "transparency": 0, "lweight": -1, "linewidth": 0.0, "ltscale": 1.0, "visible": 1, "thickness": 0.0, "ext": "(3:0,0,1)", "height": 1.0, "text": ".G", "angle": 22.08731020147814, "widthscale": 1.0, "oblique": 0.0, "style": "MtXpl_Arial_Black", "textgen": 0, "alignh": 0, "alignv": 0, "interlin": -1.0 }, "geometry": { "type": "Point", "coordinates": [ -1.646596331609588, 52.687375360720033, -16.11331572837652 ] } },
{ "type": "Feature", "properties": { "fid": 293, "handle": 248211, "block": -1, "etype": 25, "space": 0, "layer": "text", "olinetype": "BYLAYER", "linetype": "", "color": "0,0,0,255", "ocolor": 7, "color24": -1, "transparency": 0, "lweight": -1, "linewidth": 0.0, "ltscale": 1.0, "visible": 1, "thickness": 0.0, "ext": "(3:0,0,1)", "height": 1.0, "text": ".W", "angle": 22.08731020147814, "widthscale": 1.0, "oblique": 0.0, "style": "MtXpl_Arial_Black", "textgen": 0, "alignh": 0, "alignv": 0, "interlin": -1.0 }, "geometry": { "type": "Point", "coordinates": [ -1.646573958628077, 52.687380800362043, -16.11331572837652 ] } },
{ "type": "Feature", "properties": { "fid": 294, "handle": 248218, "block": -1, "etype": 25, "space": 0, "layer": "text", "olinetype": "BYLAYER", "linetype": "", "color": "0,0,0,255", "ocolor": 7, "color24": -1, "transparency": 0, "lweight": -1, "linewidth": 0.0, "ltscale": 1.0, "visible": 1, "thickness": 0.0, "ext": "(3:0,0,1)", "height": 1.0, "text": "MV-2", "angle": 21.348294622326339, "widthscale": 1.0, "oblique": 0.0, "style": "MtXpl_Arial_Black", "textgen": 0, "alignh": 0, "alignv": 0, "interlin": -1.0 }, "geometry": { "type": "Point", "coordinates": [ -1.647536740581935, 52.687150512061351, -16.75773722253756 ] } },
{ "type": "Feature", "properties": { "fid": 295, "handle": 248219, "block": -1, "etype": 25, "space": 0, "layer": "text", "olinetype": "BYLAYER", "linetype": "", "color": "255,191,0,255", "ocolor": 40, "color24": -1, "transparency": 0, "lweight": -1, "linewidth": 0.0, "ltscale": 1.0, "visible": 1, "thickness": 0.0, "ext": "(3:0,0,1)", "height": 1.0, "text": ".G", "angle": 21.348294622326339, "widthscale": 1.0, "oblique": 0.0, "style": "MtXpl_Arial_Black", "textgen": 0, "alignh": 0, "alignv": 0, "interlin": -1.0 }, "geometry": { "type": "Point", "coordinates": [ -1.647484253591189, 52.687162799162365, -16.75773722253756 ] } },
{ "type": "Feature", "properties": { "fid": 296, "handle": 248220, "block": -1, "etype": 25, "space": 0, "layer": "text", "olinetype": "BYLAYER", "linetype": "", "color": "0,0,0,255", "ocolor": 7, "color24": -1, "transparency": 0, "lweight": -1, "linewidth": 0.0, "ltscale": 1.0, "visible": 1, "thickness": 0.0, "ext": "(3:0,0,1)", "height": 1.0, "text": ".W", "angle": 21.348294622326339, "widthscale": 1.0, "oblique": 0.0, "style": "MtXpl_Arial_Black", "textgen": 0, "alignh": 0, "alignv": 0, "interlin": -1.0 }, "geometry": { "type": "Point", "coordinates": [ -1.647461767228733, 52.68716806316624, -16.75773722253756 ] } },
{ "type": "Feature", "properties": { "fid": 297, "handle": 248227, "block": -1, "etype": 25, "space": 0, "layer": "text", "olinetype": "BYLAYER", "linetype": "", "color": "0,0,0,255", "ocolor": 7, "color24": -1, "transparency": 0, "lweight": -1, "linewidth": 0.0, "ltscale": 1.0, "visible": 1, "thickness": 0.0, "ext": "(3:0,0,1)", "height": 1.0, "text": "MV-2", "angle": 21.179657072340195, "widthscale": 1.0, "oblique": 0.0, "style": "MtXpl_Arial_Black", "textgen": 0, "alignh": 0, "alignv": 0, "interlin": -1.0 }, "geometry": { "type": "Point", "coordinates": [ -1.648113460612123, 52.687016031496597, -17.156210840314241 ] } },
{ "type": "Feature", "properties": { "fid": 298, "handle": 248228, "block": -1, "etype": 25, "space": 0, "layer": "text", "olinetype": "BYLAYER", "linetype": "", "color": "255,191,0,255", "ocolor": 40, "color24": -1, "transparency": 0, "lweight": -1, "linewidth": 0.0, "ltscale": 1.0, "visible": 1, "thickness": 0.0, "ext": "(3:0,0,1)", "height": 1.0, "text": ".G", "angle": 21.179657072340195, "widthscale": 1.0, "oblique": 0.0, "style": "MtXpl_Arial_Black", "textgen": 0, "alignh": 0, "alignv": 0, "interlin": -1.0 }, "geometry": { "type": "Point", "coordinates": [ -1.648060914658373, 52.68702822492299, -17.156210840314241 ] } },
{ "type": "Feature", "properties": { "fid": 299, "handle": 248229, "block": -1, "etype": 25, "space": 0, "layer": "text", "olinetype": "BYLAYER", "linetype": "", "color": "0,0,0,255", "ocolor": 7, "color24": -1, "transparency": 0, "lweight": -1, "linewidth": 0.0, "ltscale": 1.0, "visible": 1, "thickness": 0.0, "ext": "(3:0,0,1)", "height": 1.0, "text": ".W", "angle": 21.179657072340195, "widthscale": 1.0, "oblique": 0.0, "style": "MtXpl_Arial_Black", "textgen": 0, "alignh": 0, "alignv": 0, "interlin": -1.0 }, "geometry": { "type": "Point", "coordinates": [ -1.648038403035184, 52.687033448795006, -17.156210840314241 ] } },
{ "type": "Feature", "properties": { "fid": 300, "handle": 248235, "block": -1, "etype": 25, "space": 0, "layer": "text", "olinetype": "BYLAYER", "linetype": "", "color": "0,0,0,255", "ocolor": 7, "color24": -1, "transparency": 0, "lweight": -1, "linewidth": 0.0, "ltscale": 1.0, "visible": 1, "thickness": 0.0, "ext": "(3:0,0,1)", "height": 1.0, "text": "MV-1", "angle": 0.0, "widthscale": 1.0, "oblique": 0.0, "style": "MtXpl_Arial_Black", "textgen": 0, "alignh": 0, "alignv": 0, "interlin": -1.0 }, "geometry": { "type": "Point", "coordinates": [ -1.648664766772673, 52.686985869415196, -17.646284423008311 ] } },
{ "type": "Feature", "properties": { "fid": 301, "handle": 248236, "block": -1, "etype": 25, "space": 0, "layer": "text", "olinetype": "BYLAYER", "linetype": "", "color": "255,191,0,255", "ocolor": 40, "color24": -1, "transparency": 0, "lweight": -1, "linewidth": 0.0, "ltscale": 1.0, "visible": 1, "thickness": 0.0, "ext": "(3:0,0,1)", "height": 1.0, "text": ".G", "angle": 0.0, "widthscale": 1.0, "oblique": 0.0, "style": "MtXpl_Arial_Black", "textgen": 0, "alignh": 0, "alignv": 0, "interlin": -1.0 }, "geometry": { "type": "Point", "coordinates": [ -1.648608520519173, 52.686985702930357, -17.646284423008311 ] } },
{ "type": "Feature", "properties": { "fid": 302, "handle": 248237, "block": -1, "etype": 25, "space": 0, "layer": "text", "olinetype": "BYLAYER", "linetype": "", "color": "0,0,0,255", "ocolor": 7, "color24": -1, "transparency": 0, "lweight": -1, "linewidth": 0.0, "ltscale": 1.0, "visible": 1, "thickness": 0.0, "ext": "(3:0,0,1)", "height": 1.0, "text": ".W", "angle": 0.0, "widthscale": 1.0, "oblique": 0.0, "style": "MtXpl_Arial_Black", "textgen": 0, "alignh": 0, "alignv": 0, "interlin": -1.0 }, "geometry": { "type": "Point", "coordinates": [ -1.648584423631404, 52.686985631597139, -17.646284423008311 ] } },
{ "type": "Feature", "properties": { "fid": 303, "handle": 248251, "block": -1, "etype": 25, "space": 0, "layer": "text", "olinetype": "BYLAYER", "linetype": "", "color": "0,0,0,255", "ocolor": 7, "color24": -1, "transparency": 0, "lweight": -1, "linewidth": 0.0, "ltscale": 1.0, "visible": 1, "thickness": 0.0, "ext": "(3:0,0,1)", "height": 1.0, "text": "MV-1", "angle": 68.284557486462447, "widthscale": 1.0, "oblique": 0.0, "style": "MtXpl_Arial_Black", "textgen": 0, "alignh": 0, "alignv": 0, "interlin": -1.0 }, "geometry": { "type": "Point", "coordinates": [ -1.648479150583367, 52.687661743033821, -18.121978710982731 ] } },
{ "type": "Feature", "properties": { "fid": 304, "handle": 248252, "block": -1, "etype": 25, "space": 0, "layer": "text", "olinetype": "BYLAYER", "linetype": "", "color": "255,191,0,255", "ocolor": 40, "color24": -1, "transparency": 0, "lweight": -1, "linewidth": 0.0, "ltscale": 1.0, "visible": 1, "thickness": 0.0, "ext": "(3:0,0,1)", "height": 1.0, "text": ".G", "angle": 68.284557486462447, "widthscale": 1.0, "oblique": 0.0, "style": "MtXpl_Arial_Black", "textgen": 0, "alignh": 0, "alignv": 0, "interlin": -1.0 }, "geometry": { "type": "Point", "coordinates": [ -1.648458085068905, 52.687693435479019, -18.121978710982731 ] } },
{ "type": "Feature", "properties": { "fid": 305, "handle": 248253, "block": -1, "etype": 25, "space": 0, "layer": "text", "olinetype": "BYLAYER", "linetype": "", "color": "0,0,0,255", "ocolor": 7, "color24": -1, "transparency": 0, "lweight": -1, "linewidth": 0.0, "ltscale": 1.0, "visible": 1, "thickness": 0.0, "ext": "(3:0,0,1)", "height": 1.0, "text": ".W", "angle": 68.284557486462447, "widthscale": 1.0, "oblique": 0.0, "style": "MtXpl_Arial_Black", "textgen": 0, "alignh": 0, "alignv": 0, "interlin": -1.0 }, "geometry": { "type": "Point", "coordinates": [ -1.648449060221206, 52.687707013080846, -18.121978710982731 ] } },
{ "type": "Feature", "properties": { "fid": 306, "handle": 248260, "block": -1, "etype": 25, "space": 0, "layer": "text", "olinetype": "BYLAYER", "linetype": "", "color": "0,0,0,255", "ocolor": 7, "color24": -1, "transparency": 0, "lweight": -1, "linewidth": 0.0, "ltscale": 1.0, "visible": 1, "thickness": 0.0, "ext": "(3:0,0,1)", "height": 1.0, "text": "MV-1", "angle": 303.32327481955542, "widthscale": 1.0, "oblique": 0.0, "style": "MtXpl_Arial_Black", "textgen": 0, "alignh": 0, "alignv": 0, "interlin": -1.0 }, "geometry": { "type": "Point", "coordinates": [ -1.648531469527416, 52.687869119378625, -18.574510442008489 ] } },
{ "type": "Feature", "properties": { "fid": 307, "handle": 248261, "block": -1, "etype": 25, "space": 0, "layer": "text", "olinetype": "BYLAYER", "linetype": "", "color": "255,191,0,255", "ocolor": 40, "color24": -1, "transparency": 0, "lweight": -1, "linewidth": 0.0, "ltscale": 1.0, "visible": 1, "thickness": 0.0, "ext": "(3:0,0,1)", "height": 1.0, "text": ".G", "angle": 303.32327481955542, "widthscale": 1.0, "oblique": 0.0, "style": "MtXpl_Arial_Black", "textgen": 0, "alignh": 0, "alignv": 0, "interlin": -1.0 }, "geometry": { "type": "Point", "coordinates": [ -1.648500797966718, 52.687840467862571, -18.574510442008489 ] } },
{ "type": "Feature", "properties": { "fid": 308, "handle": 248262, "block": -1, "etype": 25, "space": 0, "layer": "text", "olinetype": "BYLAYER", "linetype": "", "color": "0,0,0,255", "ocolor": 7, "color24": -1, "transparency": 0, "lweight": -1, "linewidth": 0.0, "ltscale": 1.0, "visible": 1, "thickness": 0.0, "ext": "(3:0,0,1)", "height": 1.0, "text": ".W", "angle": 303.32327481955542, "widthscale": 1.0, "oblique": 0.0, "style": "MtXpl_Arial_Black", "textgen": 0, "alignh": 0, "alignv": 0, "interlin": -1.0 }, "geometry": { "type": "Point", "coordinates": [ -1.648487657741011, 52.687828193044815, -18.574510442008489 ] } },
{ "type": "Feature", "properties": { "fid": 309, "handle": 248269, "block": -1, "etype": 25, "space": 0, "layer": "text", "olinetype": "BYLAYER", "linetype": "", "color": "0,0,0,255", "ocolor": 7, "color24": -1, "transparency": 0, "lweight": -1, "linewidth": 0.0, "ltscale": 1.0, "visible": 1, "thickness": 0.0, "ext": "(3:0,0,1)", "height": 1.0, "text": "MV-1", "angle": 0.23487021333154684, "widthscale": 1.0, "oblique": 0.0, "style": "MtXpl_Arial_Black", "textgen": 0, "alignh": 0, "alignv": 0, "interlin": -1.0 }, "geometry": { "type": "Point", "coordinates": [ -1.649190805767843, 52.687918938653908, -19.170558091824692 ] } },
{ "type": "Feature", "properties": { "fid": 310, "handle": 248270, "block": -1, "etype": 25, "space": 0, "layer": "text", "olinetype": "BYLAYER", "linetype": "", "color": "255,191,0,255", "ocolor": 40, "color24": -1, "transparency": 0, "lweight": -1, "linewidth": 0.0, "ltscale": 1.0, "visible": 1, "thickness": 0.0, "ext": "(3:0,0,1)", "height": 1.0, "text": ".G", "angle": 0.23487021333154684, "widthscale": 1.0, "oblique": 0.0, "style": "MtXpl_Arial_Black", "textgen": 0, "alignh": 0, "alignv": 0, "interlin": -1.0 }, "geometry": { "type": "Point", "coordinates": [ -1.649134557657102, 52.687918912534037, -19.170558091824692 ] } },
{ "type": "Feature", "properties": { "fid": 311, "handle": 248271, "block": -1, "etype": 25, "space": 0, "layer": "text", "olinetype": "BYLAYER", "linetype": "", "color": "0,0,0,255", "ocolor": 7, "color24": -1, "transparency": 0, "lweight": -1, "linewidth": 0.0, "ltscale": 1.0, "visible": 1, "thickness": 0.0, "ext": "(3:0,0,1)", "height": 1.0, "text": ".W", "angle": 0.23487021333154684, "widthscale": 1.0, "oblique": 0.0, "style": "MtXpl_Arial_Black", "textgen": 0, "alignh": 0, "alignv": 0, "interlin": -1.0 }, "geometry": { "type": "Point", "coordinates": [ -1.649110459973548, 52.687918901335657, -19.170558091824692 ] } },
{ "type": "Feature", "properties": { "fid": 312, "handle": 248290, "block": -1, "etype": 25, "space": 0, "layer": "text", "olinetype": "BYLAYER", "linetype": "", "color": "0,0,0,255", "ocolor": 7, "color24": -1, "transparency": 0, "lweight": -1, "linewidth": 0.0, "ltscale": 1.0, "visible": 1, "thickness": 0.0, "ext": "(3:0,0,1)", "height": 1.0, "text": "MV-1", "angle": 81.52439114815239, "widthscale": 1.0, "oblique": 0.0, "style": "MtXpl_Arial_Black", "textgen": 0, "alignh": 0, "alignv": 0, "interlin": -1.0 }, "geometry": { "type": "Point", "coordinates": [ -1.649552427050393, 52.689144856002571, -21.063013610796091 ] } },
{ "type": "Feature", "properties": { "fid": 313, "handle": 248291, "block": -1, "etype": 25, "space": 0, "layer": "text", "olinetype": "BYLAYER", "linetype": "", "color": "255,191,0,255", "ocolor": 40, "color24": -1, "transparency": 0, "lweight": -1, "linewidth": 0.0, "ltscale": 1.0, "visible": 1, "thickness": 0.0, "ext": "(3:0,0,1)", "height": 1.0, "text": ".G", "angle": 81.52439114815239, "widthscale": 1.0, "oblique": 0.0, "style": "MtXpl_Arial_Black", "textgen": 0, "alignh": 0, "alignv": 0, "interlin": -1.0 }, "geometry": { "type": "Point", "coordinates": [ -1.649543866754992, 52.689178637942661, -21.063013610796091 ] } },
{ "type": "Feature", "properties": { "fid": 314, "handle": 248292, "block": -1, "etype": 25, "space": 0, "layer": "text", "olinetype": "BYLAYER", "linetype": "", "color": "0,0,0,255", "ocolor": 7, "color24": -1, "transparency": 0, "lweight": -1, "linewidth": 0.0, "ltscale": 1.0, "visible": 1, "thickness": 0.0, "ext": "(3:0,0,1)", "height": 1.0, "text": ".W", "angle": 81.52439114815239, "widthscale": 1.0, "oblique": 0.0, "style": "MtXpl_Arial_Black", "textgen": 0, "alignh": 0, "alignv": 0, "interlin": -1.0 }, "geometry": { "type": "Point", "coordinates": [ -1.649540199369214, 52.689193110721924, -21.063013610796091 ] } },
{ "type": "Feature", "properties": { "fid": 315, "handle": 248299, "block": -1, "etype": 25, "space": 0, "layer": "text", "olinetype": "BYLAYER", "linetype": "", "color": "0,0,0,255", "ocolor": 7, "color24": -1, "transparency": 0, "lweight": -1, "linewidth": 0.0, "ltscale": 1.0, "visible": 1, "thickness": 0.0, "ext": "(3:0,0,1)", "height": 1.0, "text": "MV-1", "angle": 85.204422813813494, "widthscale": 1.0, "oblique": 0.0, "style": "MtXpl_Arial_Black", "textgen": 0, "alignh": 0, "alignv": 0, "interlin": -1.0 }, "geometry": { "type": "Point", "coordinates": [ -1.649478134435506, 52.689432860875876, -21.388796633413751 ] } },
{ "type": "Feature", "properties": { "fid": 316, "handle": 248300, "block": -1, "etype": 25, "space": 0, "layer": "text", "olinetype": "BYLAYER", "linetype": "", "color": "255,191,0,255", "ocolor": 40, "color24": -1, "transparency": 0, "lweight": -1, "linewidth": 0.0, "ltscale": 1.0, "visible": 1, "thickness": 0.0, "ext": "(3:0,0,1)", "height": 1.0, "text": ".G", "angle": 85.204422813813494, "widthscale": 1.0, "oblique": 0.0, "style": "MtXpl_Arial_Black", "textgen": 0, "alignh": 0, "alignv": 0, "interlin": -1.0 }, "geometry": { "type": "Point", "coordinates": [ -1.649473160009652, 52.68946690703762, -21.388796633413751 ] } },
{ "type": "Feature", "properties": { "fid": 317, "handle": 248301, "block": -1, "etype": 25, "space": 0, "layer": "text", "olinetype": "BYLAYER", "linetype": "", "color": "0,0,0,255", "ocolor": 7, "color24": -1, "transparency": 0, "lweight": -1, "linewidth": 0.0, "ltscale": 1.0, "visible": 1, "thickness": 0.0, "ext": "(3:0,0,1)", "height": 1.0, "text": ".W", "angle": 85.204422813813494, "widthscale": 1.0, "oblique": 0.0, "style": "MtXpl_Arial_Black", "textgen": 0, "alignh": 0, "alignv": 0, "interlin": -1.0 }, "geometry": { "type": "Point", "coordinates": [ -1.649471028875379, 52.689481493014235, -21.388796633413751 ] } },
{ "type": "Feature", "properties": { "fid": 318, "handle": 248381, "block": -1, "etype": 25, "space": 0, "layer": "text", "olinetype": "BYLAYER", "linetype": "", "color": "0,0,0,255", "ocolor": 7, "color24": -1, "transparency": 0, "lweight": -1, "linewidth": 0.0, "ltscale": 1.0, "visible": 1, "thickness": 0.0, "ext": "(3:0,0,1)", "height": 1.0, "text": "MV-1R", "angle": 0.0, "widthscale": 1.0, "oblique": 0.0, "style": "MtXpl_Arial_Black", "textgen": 0, "alignh": 0, "alignv": 0, "interlin": -1.0 }, "geometry": { "type": "Point", "coordinates": [ -1.649253067588157, 52.689623843460566, -21.75547549749837 ] } },
{ "type": "Feature", "properties": { "fid": 319, "handle": 248382, "block": -1, "etype": 25, "space": 0, "layer": "text", "olinetype": "BYLAYER", "linetype": "", "color": "255,191,0,255", "ocolor": 40, "color24": -1, "transparency": 0, "lweight": -1, "linewidth": 0.0, "ltscale": 1.0, "visible": 1, "thickness": 0.0, "ext": "(3:0,0,1)", "height": 1.0, "text": ".G.W", "angle": 0.0, "widthscale": 1.0, "oblique": 0.0, "style": "MtXpl_Arial_Black", "textgen": 0, "alignh": 0, "alignv": 0, "interlin": -1.0 }, "geometry": { "type": "Point", "coordinates": [ -1.649180691802242, 52.689623629611233, -21.75547549749837 ] } },
{ "type": "Feature", "properties": { "fid": 320, "handle": 248389, "block": -1, "etype": 25, "space": 0, "layer": "text", "olinetype": "BYLAYER", "linetype": "", "color": "0,0,0,255", "ocolor": 7, "color24": -1, "transparency": 0, "lweight": -1, "linewidth": 0.0, "ltscale": 1.0, "visible": 1, "thickness": 0.0, "ext": "(3:0,0,1)", "height": 1.0, "text": "MV-1", "angle": 0.0, "widthscale": 1.0, "oblique": 0.0, "style": "MtXpl_Arial_Black", "textgen": 0, "alignh": 0, "alignv": 0, "interlin": -1.0 }, "geometry": { "type": "Point", "coordinates": [ -1.649293626956969, 52.689718748886762, -21.929184904691091 ] } },
{ "type": "Feature", "properties": { "fid": 321, "handle": 248390, "block": -1, "etype": 25, "space": 0, "layer": "text", "olinetype": "BYLAYER", "linetype": "", "color": "255,191,0,255", "ocolor": 40, "color24": -1, "transparency": 0, "lweight": -1, "linewidth": 0.0, "ltscale": 1.0, "visible": 1, "thickness": 0.0, "ext": "(3:0,0,1)", "height": 1.0, "text": ".G", "angle": 0.0, "widthscale": 1.0, "oblique": 0.0, "style": "MtXpl_Arial_Black", "textgen": 0, "alignh": 0, "alignv": 0, "interlin": -1.0 }, "geometry": { "type": "Point", "coordinates": [ -1.649237377164213, 52.689718582708771, -21.929184904691091 ] } },
{ "type": "Feature", "properties": { "fid": 322, "handle": 248391, "block": -1, "etype": 25, "space": 0, "layer": "text", "olinetype": "BYLAYER", "linetype": "", "color": "0,0,0,255", "ocolor": 7, "color24": -1, "transparency": 0, "lweight": -1, "linewidth": 0.0, "ltscale": 1.0, "visible": 1, "thickness": 0.0, "ext": "(3:0,0,1)", "height": 1.0, "text": ".W", "angle": 0.0, "widthscale": 1.0, "oblique": 0.0, "style": "MtXpl_Arial_Black", "textgen": 0, "alignh": 0, "alignv": 0, "interlin": -1.0 }, "geometry": { "type": "Point", "coordinates": [ -1.649213278760167, 52.689718511507017, -21.929184904691091 ] } },
{ "type": "Feature", "properties": { "fid": 323, "handle": 248398, "block": -1, "etype": 25, "space": 0, "layer": "text", "olinetype": "BYLAYER", "linetype": "", "color": "0,0,0,255", "ocolor": 7, "color24": -1, "transparency": 0, "lweight": -1, "linewidth": 0.0, "ltscale": 1.0, "visible": 1, "thickness": 0.0, "ext": "(3:0,0,1)", "height": 1.0, "text": "MV-1", "angle": 13.94677705974493, "widthscale": 1.0, "oblique": 0.0, "style": "MtXpl_Arial_Black", "textgen": 0, "alignh": 0, "alignv": 0, "interlin": -1.0 }, "geometry": { "type": "Point", "coordinates": [ -1.648996313938623, 52.686846035714566, -3.404151061574709 ] } },
{ "type": "Feature", "properties": { "fid": 324, "handle": 248399, "block": -1, "etype": 25, "space": 0, "layer": "text", "olinetype": "BYLAYER", "linetype": "", "color": "255,191,0,255", "ocolor": 40, "color24": -1, "transparency": 0, "lweight": -1, "linewidth": 0.0, "ltscale": 1.0, "visible": 1, "thickness": 0.0, "ext": "(3:0,0,1)", "height": 1.0, "text": ".G", "angle": 13.94677705974493, "widthscale": 1.0, "oblique": 0.0, "style": "MtXpl_Arial_Black", "textgen": 0, "alignh": 0, "alignv": 0, "interlin": -1.0 }, "geometry": { "type": "Point", "coordinates": [ -1.648941660132947, 52.686854112300821, -3.404151061574709 ] } },
{ "type": "Feature", "properties": { "fid": 325, "handle": 248400, "block": -1, "etype": 25, "space": 0, "layer": "text", "olinetype": "BYLAYER", "linetype": "", "color": "0,0,0,255", "ocolor": 7, "color24": -1, "transparency": 0, "lweight": -1, "linewidth": 0.0, "ltscale": 1.0, "visible": 1, "thickness": 0.0, "ext": "(3:0,0,1)", "height": 1.0, "text": ".W", "angle": 13.94677705974493, "widthscale": 1.0, "oblique": 0.0, "style": "MtXpl_Arial_Black", "textgen": 0, "alignh": 0, "alignv": 0, "interlin": -1.0 }, "geometry": { "type": "Point", "coordinates": [ -1.648918245471592, 52.686857572445248, -3.404151061574709 ] } },
{ "type": "Feature", "properties": { "fid": 326, "handle": 248407, "block": -1, "etype": 25, "space": 0, "layer": "text", "olinetype": "BYLAYER", "linetype": "", "color": "0,0,0,255", "ocolor": 7, "color24": -1, "transparency": 0, "lweight": -1, "linewidth": 0.0, "ltscale": 1.0, "visible": 1, "thickness": 0.0, "ext": "(3:0,0,1)", "height": 1.0, "text": "MV-1", "angle": 89.729827019063436, "widthscale": 1.0, "oblique": 0.0, "style": "MtXpl_Arial_Black", "textgen": 0, "alignh": 0, "alignv": 0, "interlin": -1.0 }, "geometry": { "type": "Point", "coordinates": [ -1.649159478629, 52.686654311890933, -3.715388260321332 ] } },
{ "type": "Feature", "properties": { "fid": 327, "handle": 248408, "block": -1, "etype": 25, "space": 0, "layer": "text", "olinetype": "BYLAYER", "linetype": "", "color": "255,191,0,255", "ocolor": 40, "color24": -1, "transparency": 0, "lweight": -1, "linewidth": 0.0, "ltscale": 1.0, "visible": 1, "thickness": 0.0, "ext": "(3:0,0,1)", "height": 1.0, "text": ".G", "angle": 89.729827019063436, "widthscale": 1.0, "oblique": 0.0, "style": "MtXpl_Arial_Black", "textgen": 0, "alignh": 0, "alignv": 0, "interlin": -1.0 }, "geometry": { "type": "Point", "coordinates": [ -1.649158940314409, 52.686688490441377, -3.715388260321332 ] } },
{ "type": "Feature", "properties": { "fid": 328, "handle": 248409, "block": -1, "etype": 25, "space": 0, "layer": "text", "olinetype": "BYLAYER", "linetype": "", "color": "0,0,0,255", "ocolor": 7, "color24": -1, "transparency": 0, "lweight": -1, "linewidth": 0.0, "ltscale": 1.0, "visible": 1, "thickness": 0.0, "ext": "(3:0,0,1)", "height": 1.0, "text": ".W", "angle": 89.729827019063436, "widthscale": 1.0, "oblique": 0.0, "style": "MtXpl_Arial_Black", "textgen": 0, "alignh": 0, "alignv": 0, "interlin": -1.0 }, "geometry": { "type": "Point", "coordinates": [ -1.649158709690639, 52.68670313313568, -3.715388260321332 ] } },
{ "type": "Feature", "properties": { "fid": 329, "handle": 248416, "block": -1, "etype": 25, "space": 0, "layer": "text", "olinetype": "BYLAYER", "linetype": "", "color": "0,0,0,255", "ocolor": 7, "color24": -1, "transparency": 0, "lweight": -1, "linewidth": 0.0, "ltscale": 1.0, "visible": 1, "thickness": 0.0, "ext": "(3:0,0,1)", "height": 1.0, "text": "MV-1", "angle": 0.0169336734536835, "widthscale": 1.0, "oblique": 0.0, "style": "MtXpl_Arial_Black", "textgen": 0, "alignh": 0, "alignv": 0, "interlin": -1.0 }, "geometry": { "type": "Point", "coordinates": [ -1.649923775274623, 52.686546644159414, -4.327768055259938 ] } },
{ "type": "Feature", "properties": { "fid": 330, "handle": 248417, "block": -1, "etype": 25, "space": 0, "layer": "text", "olinetype": "BYLAYER", "linetype": "", "color": "255,191,0,255", "ocolor": 40, "color24": -1, "transparency": 0, "lweight": -1, "linewidth": 0.0, "ltscale": 1.0, "visible": 1, "thickness": 0.0, "ext": "(3:0,0,1)", "height": 1.0, "text": ".G", "angle": 0.0169336734536835, "widthscale": 1.0, "oblique": 0.0, "style": "MtXpl_Arial_Black", "textgen": 0, "alignh": 0, "alignv": 0, "interlin": -1.0 }, "geometry": { "type": "Point", "coordinates": [ -1.64986752950356, 52.686546488372429, -4.327768055259938 ] } },
{ "type": "Feature", "properties": { "fid": 331, "handle": 248418, "block": -1, "etype": 25, "space": 0, "layer": "text", "olinetype": "BYLAYER", "linetype": "", "color": "0,0,0,255", "ocolor": 7, "color24": -1, "transparency": 0, "lweight": -1, "linewidth": 0.0, "ltscale": 1.0, "visible": 1, "thickness": 0.0, "ext": "(3:0,0,1)", "height": 1.0, "text": ".W", "angle": 0.0169336734536835, "widthscale": 1.0, "oblique": 0.0, "style": "MtXpl_Arial_Black", "textgen": 0, "alignh": 0, "alignv": 0, "interlin": -1.0 }, "geometry": { "type": "Point", "coordinates": [ -1.649843432822468, 52.68654642162236, -4.327768055259938 ] } },
{ "type": "Feature", "properties": { "fid": 332, "handle": 248425, "block": -1, "etype": 25, "space": 0, "layer": "text", "olinetype": "BYLAYER", "linetype": "", "color": "0,0,0,255", "ocolor": 7, "color24": -1, "transparency": 0, "lweight": -1, "linewidth": 0.0, "ltscale": 1.0, "visible": 1, "thickness": 0.0, "ext": "(3:0,0,1)", "height": 1.0, "text": "MV-1", "angle": 0.0, "widthscale": 1.0, "oblique": 0.0, "style": "MtXpl_Arial_Black", "textgen": 0, "alignh": 0, "alignv": 0, "interlin": -1.0 }, "geometry": { "type": "Point", "coordinates": [ -1.650738304738669, 52.686599180677987, -4.853904432689586 ] } },
{ "type": "Feature", "properties": { "fid": 333, "handle": 248426, "block": -1, "etype": 25, "space": 0, "layer": "text", "olinetype": "BYLAYER", "linetype": "", "color": "255,191,0,255", "ocolor": 40, "color24": -1, "transparency": 0, "lweight": -1, "linewidth": 0.0, "ltscale": 1.0, "visible": 1, "thickness": 0.0, "ext": "(3:0,0,1)", "height": 1.0, "text": ".G", "angle": 0.0, "widthscale": 1.0, "oblique": 0.0, "style": "MtXpl_Arial_Black", "textgen": 0, "alignh": 0, "alignv": 0, "interlin": -1.0 }, "geometry": { "type": "Point", "coordinates": [ -1.650682058972816, 52.686599015175901, -4.853904432689586 ] } },
{ "type": "Feature", "properties": { "fid": 334, "handle": 248427, "block": -1, "etype": 25, "space": 0, "layer": "text", "olinetype": "BYLAYER", "linetype": "", "color": "0,0,0,255", "ocolor": 7, "color24": -1, "transparency": 0, "lweight": -1, "linewidth": 0.0, "ltscale": 1.0, "visible": 1, "thickness": 0.0, "ext": "(3:0,0,1)", "height": 1.0, "text": ".W", "angle": 0.0, "widthscale": 1.0, "oblique": 0.0, "style": "MtXpl_Arial_Black", "textgen": 0, "alignh": 0, "alignv": 0, "interlin": -1.0 }, "geometry": { "type": "Point", "coordinates": [ -1.650657962293967, 52.686598944263721, -4.853904432689586 ] } },
{ "type": "Feature", "properties": { "fid": 335, "handle": 248445, "block": -1, "etype": 25, "space": 0, "layer": "text", "olinetype": "BYLAYER", "linetype": "", "color": "0,0,0,255", "ocolor": 7, "color24": -1, "transparency": 0, "lweight": -1, "linewidth": 0.0, "ltscale": 1.0, "visible": 1, "thickness": 0.0, "ext": "(3:0,0,1)", "height": 1.0, "text": "MV-3", "angle": 359.67385621634418, "widthscale": 1.0, "oblique": 0.0, "style": "MtXpl_Arial_Black", "textgen": 0, "alignh": 0, "alignv": 0, "interlin": -1.0 }, "geometry": { "type": "Point", "coordinates": [ -1.640930062396472, 52.686516838198393, -11.121102354962771 ] } },
{ "type": "Feature", "properties": { "fid": 336, "handle": 248446, "block": -1, "etype": 25, "space": 0, "layer": "text", "olinetype": "BYLAYER", "linetype": "", "color": "255,191,0,255", "ocolor": 40, "color24": -1, "transparency": 0, "lweight": -1, "linewidth": 0.0, "ltscale": 1.0, "visible": 1, "thickness": 0.0, "ext": "(3:0,0,1)", "height": 1.0, "text": ".G", "angle": 359.67385621634418, "widthscale": 1.0, "oblique": 0.0, "style": "MtXpl_Arial_Black", "textgen": 0, "alignh": 0, "alignv": 0, "interlin": -1.0 }, "geometry": { "type": "Point", "coordinates": [ -1.640873819299993, 52.686516473484986, -11.121102354962771 ] } },
{ "type": "Feature", "properties": { "fid": 337, "handle": 248447, "block": -1, "etype": 25, "space": 0, "layer": "text", "olinetype": "BYLAYER", "linetype": "", "color": "0,0,0,255", "ocolor": 7, "color24": -1, "transparency": 0, "lweight": -1, "linewidth": 0.0, "ltscale": 1.0, "visible": 1, "thickness": 0.0, "ext": "(3:0,0,1)", "height": 1.0, "text": ".W", "angle": 359.67385621634418, "widthscale": 1.0, "oblique": 0.0, "style": "MtXpl_Arial_Black", "textgen": 0, "alignh": 0, "alignv": 0, "interlin": -1.0 }, "geometry": { "type": "Point", "coordinates": [ -1.640849723764908, 52.686516317227166, -11.121102354962771 ] } },
{ "type": "Feature", "properties": { "fid": 338, "handle": 248454, "block": -1, "etype": 25, "space": 0, "layer": "text", "olinetype": "BYLAYER", "linetype": "", "color": "0,0,0,255", "ocolor": 7, "color24": -1, "transparency": 0, "lweight": -1, "linewidth": 0.0, "ltscale": 1.0, "visible": 1, "thickness": 0.0, "ext": "(3:0,0,1)", "height": 1.0, "text": "MV-3", "angle": 359.91545045783658, "widthscale": 1.0, "oblique": 0.0, "style": "MtXpl_Arial_Black", "textgen": 0, "alignh": 0, "alignv": 0, "interlin": -1.0 }, "geometry": { "type": "Point", "coordinates": [ -1.642209997470626, 52.686522932165609, -11.98275284571989 ] } },
{ "type": "Feature", "properties": { "fid": 339, "handle": 248455, "block": -1, "etype": 25, "space": 0, "layer": "text", "olinetype": "BYLAYER", "linetype": "", "color": "255,191,0,255", "ocolor": 40, "color24": -1, "transparency": 0, "lweight": -1, "linewidth": 0.0, "ltscale": 1.0, "visible": 1, "thickness": 0.0, "ext": "(3:0,0,1)", "height": 1.0, "text": ".G", "angle": 359.91545045783658, "widthscale": 1.0, "oblique": 0.0, "style": "MtXpl_Arial_Black", "textgen": 0, "alignh": 0, "alignv": 0, "interlin": -1.0 }, "geometry": { "type": "Point", "coordinates": [ -1.642153752327867, 52.686522712178686, -11.98275284571989 ] } },
{ "type": "Feature", "properties": { "fid": 340, "handle": 248456, "block": -1, "etype": 25, "space": 0, "layer": "text", "olinetype": "BYLAYER", "linetype": "", "color": "0,0,0,255", "ocolor": 7, "color24": -1, "transparency": 0, "lweight": -1, "linewidth": 0.0, "ltscale": 1.0, "visible": 1, "thickness": 0.0, "ext": "(3:0,0,1)", "height": 1.0, "text": ".W", "angle": 359.91545045783658, "widthscale": 1.0, "oblique": 0.0, "style": "MtXpl_Arial_Black", "textgen": 0, "alignh": 0, "alignv": 0, "interlin": -1.0 }, "geometry": { "type": "Point", "coordinates": [ -1.642129655916004, 52.686522617924219, -11.98275284571989 ] } },
{ "type": "Feature", "properties": { "fid": 341, "handle": 248463, "block": -1, "etype": 25, "space": 0, "layer": "text", "olinetype": "BYLAYER", "linetype": "", "color": "0,0,0,255", "ocolor": 7, "color24": -1, "transparency": 0, "lweight": -1, "linewidth": 0.0, "ltscale": 1.0, "visible": 1, "thickness": 0.0, "ext": "(3:0,0,1)", "height": 1.0, "text": "MV-3", "angle": 281.00471196243291, "widthscale": 1.0, "oblique": 0.0, "style": "MtXpl_Arial_Black", "textgen": 0, "alignh": 0, "alignv": 0, "interlin": -1.0 }, "geometry": { "type": "Point", "coordinates": [ -1.642783212008792, 52.688246252964817, -13.159865947983549 ] } },
{ "type": "Feature", "properties": { "fid": 342, "handle": 248464, "block": -1, "etype": 25, "space": 0, "layer": "text", "olinetype": "BYLAYER", "linetype": "", "color": "255,191,0,255", "ocolor": 40, "color24": -1, "transparency": 0, "lweight": -1, "linewidth": 0.0, "ltscale": 1.0, "visible": 1, "thickness": 0.0, "ext": "(3:0,0,1)", "height": 1.0, "text": ".G", "angle": 281.00471196243291, "widthscale": 1.0, "oblique": 0.0, "style": "MtXpl_Arial_Black", "textgen": 0, "alignh": 0, "alignv": 0, "interlin": -1.0 }, "geometry": { "type": "Point", "coordinates": [ -1.642772747890845, 52.688212669466182, -13.159865947983549 ] } },
{ "type": "Feature", "properties": { "fid": 343, "handle": 248465, "block": -1, "etype": 25, "space": 0, "layer": "text", "olinetype": "BYLAYER", "linetype": "", "color": "0,0,0,255", "ocolor": 7, "color24": -1, "transparency": 0, "lweight": -1, "linewidth": 0.0, "ltscale": 1.0, "visible": 1, "thickness": 0.0, "ext": "(3:0,0,1)", "height": 1.0, "text": ".W", "angle": 281.00471196243291, "widthscale": 1.0, "oblique": 0.0, "style": "MtXpl_Arial_Black", "textgen": 0, "alignh": 0, "alignv": 0, "interlin": -1.0 }, "geometry": { "type": "Point", "coordinates": [ -1.642768264882899, 52.688198281702164, -13.159865947983549 ] } },
{ "type": "Feature", "properties": { "fid": 344, "handle": 248477, "block": -1, "etype": 25, "space": 0, "layer": "text", "olinetype": "BYLAYER", "linetype": "", "color": "0,0,0,255", "ocolor": 7, "color24": -1, "transparency": 0, "lweight": -1, "linewidth": 0.0, "ltscale": 1.0, "visible": 1, "thickness": 0.0, "ext": "(3:0,0,1)", "height": 1.0, "text": "MV-2", "angle": 0.0, "widthscale": 1.0, "oblique": 0.0, "style": "MtXpl_Arial_Black", "textgen": 0, "alignh": 0, "alignv": 0, "interlin": -1.0 }, "geometry": { "type": "Point", "coordinates": [ -1.640059113427541, 52.684856687259909, -3.553066794524726 ] } },
{ "type": "Feature", "properties": { "fid": 345, "handle": 248478, "block": -1, "etype": 25, "space": 0, "layer": "text", "olinetype": "BYLAYER", "linetype": "", "color": "255,191,0,255", "ocolor": 40, "color24": -1, "transparency": 0, "lweight": -1, "linewidth": 0.0, "ltscale": 1.0, "visible": 1, "thickness": 0.0, "ext": "(3:0,0,1)", "height": 1.0, "text": ".G", "angle": 0.0, "widthscale": 1.0, "oblique": 0.0, "style": "MtXpl_Arial_Black", "textgen": 0, "alignh": 0, "alignv": 0, "interlin": -1.0 }, "geometry": { "type": "Point", "coordinates": [ -1.640002869980983, 52.684856516684967, -3.553066794524726 ] } },
{ "type": "Feature", "properties": { "fid": 346, "handle": 248479, "block": -1, "etype": 25, "space": 0, "layer": "text", "olinetype": "BYLAYER", "linetype": "", "color": "0,0,0,255", "ocolor": 7, "color24": -1, "transparency": 0, "lweight": -1, "linewidth": 0.0, "ltscale": 1.0, "visible": 1, "thickness": 0.0, "ext": "(3:0,0,1)", "height": 1.0, "text": ".W", "angle": 0.0, "widthscale": 1.0, "oblique": 0.0, "style": "MtXpl_Arial_Black", "textgen": 0, "alignh": 0, "alignv": 0, "interlin": -1.0 }, "geometry": { "type": "Point", "coordinates": [ -1.639978774295765, 52.684856443599479, -3.553066794524726 ] } },
{ "type": "Feature", "properties": { "fid": 347, "handle": 248552, "block": -1, "etype": 25, "space": 0, "layer": "text", "olinetype": "BYLAYER", "linetype": "", "color": "0,0,0,255", "ocolor": 7, "color24": -1, "transparency": 0, "lweight": -1, "linewidth": 0.0, "ltscale": 1.0, "visible": 1, "thickness": 0.0, "ext": "(3:0,0,1)", "height": 1.0, "text": "MV-2R", "angle": 0.0, "widthscale": 1.0, "oblique": 0.0, "style": "MtXpl_Arial_Black", "textgen": 0, "alignh": 0, "alignv": 0, "interlin": -1.0 }, "geometry": { "type": "Point", "coordinates": [ -1.640269529792069, 52.684930107467693, -3.640877447956823 ] } },
{ "type": "Feature", "properties": { "fid": 348, "handle": 248553, "block": -1, "etype": 25, "space": 0, "layer": "text", "olinetype": "BYLAYER", "linetype": "", "color": "255,191,0,255", "ocolor": 40, "color24": -1, "transparency": 0, "lweight": -1, "linewidth": 0.0, "ltscale": 1.0, "visible": 1, "thickness": 0.0, "ext": "(3:0,0,1)", "height": 1.0, "text": ".G", "angle": 0.0, "widthscale": 1.0, "oblique": 0.0, "style": "MtXpl_Arial_Black", "textgen": 0, "alignh": 0, "alignv": 0, "interlin": -1.0 }, "geometry": { "type": "Point", "coordinates": [ -1.640197161889562, 52.684929888114752, -3.640877447956823 ] } },
{ "type": "Feature", "properties": { "fid": 349, "handle": 248561, "block": -1, "etype": 25, "space": 0, "layer": "text", "olinetype": "BYLAYER", "linetype": "", "color": "0,0,0,255", "ocolor": 7, "color24": -1, "transparency": 0, "lweight": -1, "linewidth": 0.0, "ltscale": 1.0, "visible": 1, "thickness": 0.0, "ext": "(3:0,0,1)", "height": 1.0, "text": "MV-2", "angle": 359.93550582578757, "widthscale": 1.0, "oblique": 0.0, "style": "MtXpl_Arial_Black", "textgen": 0, "alignh": 0, "alignv": 0, "interlin": -1.0 }, "geometry": { "type": "Point", "coordinates": [ -1.639595254374748, 52.684957894491092, -3.700001172091797 ] } },
{ "type": "Feature", "properties": { "fid": 350, "handle": 248562, "block": -1, "etype": 25, "space": 0, "layer": "text", "olinetype": "BYLAYER", "linetype": "", "color": "255,191,0,255", "ocolor": 40, "color24": -1, "transparency": 0, "lweight": -1, "linewidth": 0.0, "ltscale": 1.0, "visible": 1, "thickness": 0.0, "ext": "(3:0,0,1)", "height": 1.0, "text": ".G", "angle": 359.93550582578757, "widthscale": 1.0, "oblique": 0.0, "style": "MtXpl_Arial_Black", "textgen": 0, "alignh": 0, "alignv": 0, "interlin": -1.0 }, "geometry": { "type": "Point", "coordinates": [ -1.639539011151705, 52.684957685222543, -3.700001172091797 ] } },
{ "type": "Feature", "properties": { "fid": 351, "handle": 248563, "block": -1, "etype": 25, "space": 0, "layer": "text", "olinetype": "BYLAYER", "linetype": "", "color": "0,0,0,255", "ocolor": 7, "color24": -1, "transparency": 0, "lweight": -1, "linewidth": 0.0, "ltscale": 1.0, "visible": 1, "thickness": 0.0, "ext": "(3:0,0,1)", "height": 1.0, "text": ".W", "angle": 359.93550582578757, "widthscale": 1.0, "oblique": 0.0, "style": "MtXpl_Arial_Black", "textgen": 0, "alignh": 0, "alignv": 0, "interlin": -1.0 }, "geometry": { "type": "Point", "coordinates": [ -1.639514915562277, 52.68495759556005, -3.700001172091797 ] } },
{ "type": "Feature", "properties": { "fid": 352, "handle": 248656, "block": -1, "etype": 25, "space": 0, "layer": "text", "olinetype": "BYLAYER", "linetype": "", "color": "0,0,0,255", "ocolor": 7, "color24": -1, "transparency": 0, "lweight": -1, "linewidth": 0.0, "ltscale": 1.0, "visible": 1, "thickness": 0.0, "ext": "(3:0,0,1)", "height": 1.0, "text": "MV-1R", "angle": 0.0, "widthscale": 1.0, "oblique": 0.0, "style": "MtXpl_Arial_Black", "textgen": 0, "alignh": 0, "alignv": 0, "interlin": -1.0 }, "geometry": { "type": "Point", "coordinates": [ -1.64887967630556, 52.686949508212543, -17.613629377987671 ] } },
{ "type": "Feature", "properties": { "fid": 353, "handle": 248657, "block": -1, "etype": 25, "space": 0, "layer": "text", "olinetype": "BYLAYER", "linetype": "", "color": "255,191,0,255", "ocolor": 40, "color24": -1, "transparency": 0, "lweight": -1, "linewidth": 0.0, "ltscale": 1.0, "visible": 1, "thickness": 0.0, "ext": "(3:0,0,1)", "height": 1.0, "text": ".G.W", "angle": 0.0, "widthscale": 1.0, "oblique": 0.0, "style": "MtXpl_Arial_Black", "textgen": 0, "alignh": 0, "alignv": 0, "interlin": -1.0 }, "geometry": { "type": "Point", "coordinates": [ -1.648807304974101, 52.686949294124609, -17.613629377987671 ] } },
{ "type": "Feature", "properties": { "fid": 354, "handle": 248664, "block": -1, "etype": 25, "space": 0, "layer": "text", "olinetype": "BYLAYER", "linetype": "", "color": "0,0,0,255", "ocolor": 7, "color24": -1, "transparency": 0, "lweight": -1, "linewidth": 0.0, "ltscale": 1.0, "visible": 1, "thickness": 0.0, "ext": "(3:0,0,1)", "height": 1.0, "text": "MV-1", "angle": 0.0, "widthscale": 1.0, "oblique": 0.0, "style": "MtXpl_Arial_Black", "textgen": 0, "alignh": 0, "alignv": 0, "interlin": -1.0 }, "geometry": { "type": "Point", "coordinates": [ -1.643026603587007, 52.689631413921788, -3.238460662532045 ] } },
{ "type": "Feature", "properties": { "fid": 355, "handle": 248665, "block": -1, "etype": 25, "space": 0, "layer": "text", "olinetype": "BYLAYER", "linetype": "", "color": "255,191,0,255", "ocolor": 40, "color24": -1, "transparency": 0, "lweight": -1, "linewidth": 0.0, "ltscale": 1.0, "visible": 1, "thickness": 0.0, "ext": "(3:0,0,1)", "height": 1.0, "text": ".G", "angle": 0.0, "widthscale": 1.0, "oblique": 0.0, "style": "MtXpl_Arial_Black", "textgen": 0, "alignh": 0, "alignv": 0, "interlin": -1.0 }, "geometry": { "type": "Point", "coordinates": [ -1.642970353945567, 52.689631244769508, -3.238460662532045 ] } },
{ "type": "Feature", "properties": { "fid": 356, "handle": 248666, "block": -1, "etype": 25, "space": 0, "layer": "text", "olinetype": "BYLAYER", "linetype": "", "color": "0,0,0,255", "ocolor": 7, "color24": -1, "transparency": 0, "lweight": -1, "linewidth": 0.0, "ltscale": 1.0, "visible": 1, "thickness": 0.0, "ext": "(3:0,0,1)", "height": 1.0, "text": ".W", "angle": 0.0, "widthscale": 1.0, "oblique": 0.0, "style": "MtXpl_Arial_Black", "textgen": 0, "alignh": 0, "alignv": 0, "interlin": -1.0 }, "geometry": { "type": "Point", "coordinates": [ -1.642946255606351, 52.689631172293538, -3.238460662532045 ] } },
{ "type": "Feature", "properties": { "fid": 357, "handle": 248769, "block": -1, "etype": 25, "space": 0, "layer": "text", "olinetype": "BYLAYER", "linetype": "", "color": "0,0,0,255", "ocolor": 7, "color24": -1, "transparency": 0, "lweight": -1, "linewidth": 0.0, "ltscale": 1.0, "visible": 1, "thickness": 0.0, "ext": "(3:0,0,1)", "height": 1.0, "text": "MV-1R", "angle": 0.0, "widthscale": 1.0, "oblique": 0.0, "style": "MtXpl_Arial_Black", "textgen": 0, "alignh": 0, "alignv": 0, "interlin": -1.0 }, "geometry": { "type": "Point", "coordinates": [ -1.643227955200153, 52.689570616974414, -3.310653605719617 ] } },
{ "type": "Feature", "properties": { "fid": 358, "handle": 248770, "block": -1, "etype": 25, "space": 0, "layer": "text", "olinetype": "BYLAYER", "linetype": "", "color": "255,191,0,255", "ocolor": 40, "color24": -1, "transparency": 0, "lweight": -1, "linewidth": 0.0, "ltscale": 1.0, "visible": 1, "thickness": 0.0, "ext": "(3:0,0,1)", "height": 1.0, "text": ".G", "angle": 0.0, "widthscale": 1.0, "oblique": 0.0, "style": "MtXpl_Arial_Black", "textgen": 0, "alignh": 0, "alignv": 0, "interlin": -1.0 }, "geometry": { "type": "Point", "coordinates": [ -1.64315557955024, 52.689570399445969, -3.310653605719617 ] } },
{ "type": "Feature", "properties": { "fid": 359, "handle": 248778, "block": -1, "etype": 25, "space": 0, "layer": "text", "olinetype": "BYLAYER", "linetype": "", "color": "0,0,0,255", "ocolor": 7, "color24": -1, "transparency": 0, "lweight": -1, "linewidth": 0.0, "ltscale": 1.0, "visible": 1, "thickness": 0.0, "ext": "(3:0,0,1)", "height": 1.0, "text": "MV-1", "angle": 85.313078646969657, "widthscale": 1.0, "oblique": 0.0, "style": "MtXpl_Arial_Black", "textgen": 0, "alignh": 0, "alignv": 0, "interlin": -1.0 }, "geometry": { "type": "Point", "coordinates": [ -1.643104009442284, 52.689315798561111, -3.457811449609117 ] } },
{ "type": "Feature", "properties": { "fid": 360, "handle": 248779, "block": -1, "etype": 25, "space": 0, "layer": "text", "olinetype": "BYLAYER", "linetype": "", "color": "255,191,0,255", "ocolor": 40, "color24": -1, "transparency": 0, "lweight": -1, "linewidth": 0.0, "ltscale": 1.0, "visible": 1, "thickness": 0.0, "ext": "(3:0,0,1)", "height": 1.0, "text": ".G", "angle": 85.313078646969657, "widthscale": 1.0, "oblique": 0.0, "style": "MtXpl_Arial_Black", "textgen": 0, "alignh": 0, "alignv": 0, "interlin": -1.0 }, "geometry": { "type": "Point", "coordinates": [ -1.643099136302766, 52.689349850144815, -3.457811449609117 ] } },
{ "type": "Feature", "properties": { "fid": 361, "handle": 248780, "block": -1, "etype": 25, "space": 0, "layer": "text", "olinetype": "BYLAYER", "linetype": "", "color": "0,0,0,255", "ocolor": 7, "color24": -1, "transparency": 0, "lweight": -1, "linewidth": 0.0, "ltscale": 1.0, "visible": 1, "thickness": 0.0, "ext": "(3:0,0,1)", "height": 1.0, "text": ".W", "angle": 85.313078646969657, "widthscale": 1.0, "oblique": 0.0, "style": "MtXpl_Arial_Black", "textgen": 0, "alignh": 0, "alignv": 0, "interlin": -1.0 }, "geometry": { "type": "Point", "coordinates": [ -1.643097048561393, 52.689364438444294, -3.457811449609117 ] } },
{ "type": "Feature", "properties": { "fid": 362, "handle": 248787, "block": -1, "etype": 25, "space": 0, "layer": "text", "olinetype": "BYLAYER", "linetype": "", "color": "0,0,0,255", "ocolor": 7, "color24": -1, "transparency": 0, "lweight": -1, "linewidth": 0.0, "ltscale": 1.0, "visible": 1, "thickness": 0.0, "ext": "(3:0,0,1)", "height": 1.0, "text": "MV-1", "angle": 90.230138435629556, "widthscale": 1.0, "oblique": 0.0, "style": "MtXpl_Arial_Black", "textgen": 0, "alignh": 0, "alignv": 0, "interlin": -1.0 }, "geometry": { "type": "Point", "coordinates": [ -1.643119481092602, 52.68913706517484, -3.661494384920641 ] } },
{ "type": "Feature", "properties": { "fid": 363, "handle": 248788, "block": -1, "etype": 25, "space": 0, "layer": "text", "olinetype": "BYLAYER", "linetype": "", "color": "255,191,0,255", "ocolor": 40, "color24": -1, "transparency": 0, "lweight": -1, "linewidth": 0.0, "ltscale": 1.0, "visible": 1, "thickness": 0.0, "ext": "(3:0,0,1)", "height": 1.0, "text": ".G", "angle": 90.230138435629556, "widthscale": 1.0, "oblique": 0.0, "style": "MtXpl_Arial_Black", "textgen": 0, "alignh": 0, "alignv": 0, "interlin": -1.0 }, "geometry": { "type": "Point", "coordinates": [ -1.643119429158767, 52.689171245275453, -3.661494384920641 ] } },
{ "type": "Feature", "properties": { "fid": 364, "handle": 248789, "block": -1, "etype": 25, "space": 0, "layer": "text", "olinetype": "BYLAYER", "linetype": "", "color": "0,0,0,255", "ocolor": 7, "color24": -1, "transparency": 0, "lweight": -1, "linewidth": 0.0, "ltscale": 1.0, "visible": 1, "thickness": 0.0, "ext": "(3:0,0,1)", "height": 1.0, "text": ".W", "angle": 90.230138435629556, "widthscale": 1.0, "oblique": 0.0, "style": "MtXpl_Arial_Black", "textgen": 0, "alignh": 0, "alignv": 0, "interlin": -1.0 }, "geometry": { "type": "Point", "coordinates": [ -1.643119406909326, 52.689185888633894, -3.661494384920641 ] } },
{ "type": "Feature", "properties": { "fid": 365, "handle": 248796, "block": -1, "etype": 25, "space": 0, "layer": "text", "olinetype": "BYLAYER", "linetype": "", "color": "0,0,0,255", "ocolor": 7, "color24": -1, "transparency": 0, "lweight": -1, "linewidth": 0.0, "ltscale": 1.0, "visible": 1, "thickness": 0.0, "ext": "(3:0,0,1)", "height": 1.0, "text": "MV-1", "angle": 84.948100348185335, "widthscale": 1.0, "oblique": 0.0, "style": "MtXpl_Arial_Black", "textgen": 0, "alignh": 0, "alignv": 0, "interlin": -1.0 }, "geometry": { "type": "Point", "coordinates": [ -1.643127879809737, 52.689077136683139, -3.855451411705423 ] } },
{ "type": "Feature", "properties": { "fid": 366, "handle": 248797, "block": -1, "etype": 25, "space": 0, "layer": "text", "olinetype": "BYLAYER", "linetype": "", "color": "255,191,0,255", "ocolor": 40, "color24": -1, "transparency": 0, "lweight": -1, "linewidth": 0.0, "ltscale": 1.0, "visible": 1, "thickness": 0.0, "ext": "(3:0,0,1)", "height": 1.0, "text": ".G", "angle": 84.948100348185335, "widthscale": 1.0, "oblique": 0.0, "style": "MtXpl_Arial_Black", "textgen": 0, "alignh": 0, "alignv": 0, "interlin": -1.0 }, "geometry": { "type": "Point", "coordinates": [ -1.643122649850604, 52.689111168714099, -3.855451411705423 ] } },
{ "type": "Feature", "properties": { "fid": 367, "handle": 248798, "block": -1, "etype": 25, "space": 0, "layer": "text", "olinetype": "BYLAYER", "linetype": "", "color": "0,0,0,255", "ocolor": 7, "color24": -1, "transparency": 0, "lweight": -1, "linewidth": 0.0, "ltscale": 1.0, "visible": 1, "thickness": 0.0, "ext": "(3:0,0,1)", "height": 1.0, "text": ".W", "angle": 84.948100348185335, "widthscale": 1.0, "oblique": 0.0, "style": "MtXpl_Arial_Black", "textgen": 0, "alignh": 0, "alignv": 0, "interlin": -1.0 }, "geometry": { "type": "Point", "coordinates": [ -1.643120409241241, 52.689125748636833, -3.855451411705423 ] } },
{ "type": "Feature", "properties": { "fid": 368, "handle": 248805, "block": -1, "etype": 25, "space": 0, "layer": "text", "olinetype": "BYLAYER", "linetype": "", "color": "0,0,0,255", "ocolor": 7, "color24": -1, "transparency": 0, "lweight": -1, "linewidth": 0.0, "ltscale": 1.0, "visible": 1, "thickness": 0.0, "ext": "(3:0,0,1)", "height": 1.0, "text": "MV-1", "angle": 77.304976704713809, "widthscale": 1.0, "oblique": 0.0, "style": "MtXpl_Arial_Black", "textgen": 0, "alignh": 0, "alignv": 0, "interlin": -1.0 }, "geometry": { "type": "Point", "coordinates": [ -1.643210846367798, 52.688838613273006, -4.143568972965159 ] } },
{ "type": "Feature", "properties": { "fid": 369, "handle": 248806, "block": -1, "etype": 25, "space": 0, "layer": "text", "olinetype": "BYLAYER", "linetype": "", "color": "255,191,0,255", "ocolor": 40, "color24": -1, "transparency": 0, "lweight": -1, "linewidth": 0.0, "ltscale": 1.0, "visible": 1, "thickness": 0.0, "ext": "(3:0,0,1)", "height": 1.0, "text": ".G", "angle": 77.304976704713809, "widthscale": 1.0, "oblique": 0.0, "style": "MtXpl_Arial_Black", "textgen": 0, "alignh": 0, "alignv": 0, "interlin": -1.0 }, "geometry": { "type": "Point", "coordinates": [ -1.643198214076027, 52.688871920250342, -4.143568972965159 ] } },
{ "type": "Feature", "properties": { "fid": 370, "handle": 248807, "block": -1, "etype": 25, "space": 0, "layer": "text", "olinetype": "BYLAYER", "linetype": "", "color": "0,0,0,255", "ocolor": 7, "color24": -1, "transparency": 0, "lweight": -1, "linewidth": 0.0, "ltscale": 1.0, "visible": 1, "thickness": 0.0, "ext": "(3:0,0,1)", "height": 1.0, "text": ".W", "angle": 77.304976704713809, "widthscale": 1.0, "oblique": 0.0, "style": "MtXpl_Arial_Black", "textgen": 0, "alignh": 0, "alignv": 0, "interlin": -1.0 }, "geometry": { "type": "Point", "coordinates": [ -1.643192802173273, 52.688886189546977, -4.143568972965159 ] } },
{ "type": "Feature", "properties": { "fid": 371, "handle": 248814, "block": -1, "etype": 25, "space": 0, "layer": "text", "olinetype": "BYLAYER", "linetype": "", "color": "0,0,0,255", "ocolor": 7, "color24": -1, "transparency": 0, "lweight": -1, "linewidth": 0.0, "ltscale": 1.0, "visible": 1, "thickness": 0.0, "ext": "(3:0,0,1)", "height": 1.0, "text": "MV-1", "angle": 78.528885128846426, "widthscale": 1.0, "oblique": 0.0, "style": "MtXpl_Arial_Black", "textgen": 0, "alignh": 0, "alignv": 0, "interlin": -1.0 }, "geometry": { "type": "Point", "coordinates": [ -1.643247478159324, 52.688737091587491, -4.257627194812537 ] } },
{ "type": "Feature", "properties": { "fid": 372, "handle": 248815, "block": -1, "etype": 25, "space": 0, "layer": "text", "olinetype": "BYLAYER", "linetype": "", "color": "255,191,0,255", "ocolor": 40, "color24": -1, "transparency": 0, "lweight": -1, "linewidth": 0.0, "ltscale": 1.0, "visible": 1, "thickness": 0.0, "ext": "(3:0,0,1)", "height": 1.0, "text": ".G", "angle": 78.528885128846426, "widthscale": 1.0, "oblique": 0.0, "style": "MtXpl_Arial_Black", "textgen": 0, "alignh": 0, "alignv": 0, "interlin": -1.0 }, "geometry": { "type": "Point", "coordinates": [ -1.643236019579038, 52.688770554933008, -4.257627194812537 ] } },
{ "type": "Feature", "properties": { "fid": 373, "handle": 248816, "block": -1, "etype": 25, "space": 0, "layer": "text", "olinetype": "BYLAYER", "linetype": "", "color": "0,0,0,255", "ocolor": 7, "color24": -1, "transparency": 0, "lweight": -1, "linewidth": 0.0, "ltscale": 1.0, "visible": 1, "thickness": 0.0, "ext": "(3:0,0,1)", "height": 1.0, "text": ".W", "angle": 78.528885128846426, "widthscale": 1.0, "oblique": 0.0, "style": "MtXpl_Arial_Black", "textgen": 0, "alignh": 0, "alignv": 0, "interlin": -1.0 }, "geometry": { "type": "Point", "coordinates": [ -1.643231110515527, 52.688784891220585, -4.257627194812537 ] } },
{ "type": "Feature", "properties": { "fid": 374, "handle": 248829, "block": -1, "etype": 25, "space": 0, "layer": "text", "olinetype": "BYLAYER", "linetype": "", "color": "0,0,0,255", "ocolor": 7, "color24": -1, "transparency": 0, "lweight": -1, "linewidth": 0.0, "ltscale": 1.0, "visible": 1, "thickness": 0.0, "ext": "(3:0,0,1)", "height": 1.0, "text": "MV-1", "angle": 281.58068613964741, "widthscale": 1.0, "oblique": 0.0, "style": "MtXpl_Arial_Black", "textgen": 0, "alignh": 0, "alignv": 0, "interlin": -1.0 }, "geometry": { "type": "Point", "coordinates": [ -1.643235112209875, 52.688560053959549, -4.541325782196956 ] } },
{ "type": "Feature", "properties": { "fid": 375, "handle": 248830, "block": -1, "etype": 25, "space": 0, "layer": "text", "olinetype": "BYLAYER", "linetype": "", "color": "255,191,0,255", "ocolor": 40, "color24": -1, "transparency": 0, "lweight": -1, "linewidth": 0.0, "ltscale": 1.0, "visible": 1, "thickness": 0.0, "ext": "(3:0,0,1)", "height": 1.0, "text": ".G", "angle": 281.58068613964741, "widthscale": 1.0, "oblique": 0.0, "style": "MtXpl_Arial_Black", "textgen": 0, "alignh": 0, "alignv": 0, "interlin": -1.0 }, "geometry": { "type": "Point", "coordinates": [ -1.64322409262769, 52.688526536120285, -4.541325782196956 ] } },
{ "type": "Feature", "properties": { "fid": 376, "handle": 248831, "block": -1, "etype": 25, "space": 0, "layer": "text", "olinetype": "BYLAYER", "linetype": "", "color": "0,0,0,255", "ocolor": 7, "color24": -1, "transparency": 0, "lweight": -1, "linewidth": 0.0, "ltscale": 1.0, "visible": 1, "thickness": 0.0, "ext": "(3:0,0,1)", "height": 1.0, "text": ".W", "angle": 281.58068613964741, "widthscale": 1.0, "oblique": 0.0, "style": "MtXpl_Arial_Black", "textgen": 0, "alignh": 0, "alignv": 0, "interlin": -1.0 }, "geometry": { "type": "Point", "coordinates": [ -1.643219371649308, 52.688512176485844, -4.541325782196956 ] } },
{ "type": "Feature", "properties": { "fid": 377, "handle": 248838, "block": -1, "etype": 25, "space": 0, "layer": "text", "olinetype": "BYLAYER", "linetype": "", "color": "0,0,0,255", "ocolor": 7, "color24": -1, "transparency": 0, "lweight": -1, "linewidth": 0.0, "ltscale": 1.0, "visible": 1, "thickness": 0.0, "ext": "(3:0,0,1)", "height": 1.0, "text": "MV-1", "angle": 86.232703263246563, "widthscale": 1.0, "oblique": 0.0, "style": "MtXpl_Arial_Black", "textgen": 0, "alignh": 0, "alignv": 0, "interlin": -1.0 }, "geometry": { "type": "Point", "coordinates": [ -1.643191982222131, 52.688321221880486, -4.708288926299662 ] } },
{ "type": "Feature", "properties": { "fid": 378, "handle": 248839, "block": -1, "etype": 25, "space": 0, "layer": "text", "olinetype": "BYLAYER", "linetype": "", "color": "255,191,0,255", "ocolor": 40, "color24": -1, "transparency": 0, "lweight": -1, "linewidth": 0.0, "ltscale": 1.0, "visible": 1, "thickness": 0.0, "ext": "(3:0,0,1)", "height": 1.0, "text": ".G", "angle": 86.232703263246563, "widthscale": 1.0, "oblique": 0.0, "style": "MtXpl_Arial_Black", "textgen": 0, "alignh": 0, "alignv": 0, "interlin": -1.0 }, "geometry": { "type": "Point", "coordinates": [ -1.643188009279644, 52.688355316616239, -4.708288926299662 ] } },
{ "type": "Feature", "properties": { "fid": 379, "handle": 248840, "block": -1, "etype": 25, "space": 0, "layer": "text", "olinetype": "BYLAYER", "linetype": "", "color": "0,0,0,255", "ocolor": 7, "color24": -1, "transparency": 0, "lweight": -1, "linewidth": 0.0, "ltscale": 1.0, "visible": 1, "thickness": 0.0, "ext": "(3:0,0,1)", "height": 1.0, "text": ".W", "angle": 86.232703263246563, "widthscale": 1.0, "oblique": 0.0, "style": "MtXpl_Arial_Black", "textgen": 0, "alignh": 0, "alignv": 0, "interlin": -1.0 }, "geometry": { "type": "Point", "coordinates": [ -1.643186307199, 52.688369923402831, -4.708288926299662 ] } },
{ "type": "Feature", "properties": { "fid": 380, "handle": 249322, "block": -1, "etype": 25, "space": 0, "layer": "text", "olinetype": "BYLAYER", "linetype": "", "color": "0,0,0,255", "ocolor": 7, "color24": -1, "transparency": 0, "lweight": -1, "linewidth": 0.0, "ltscale": 1.0, "visible": 1, "thickness": 0.0, "ext": "(3:0,0,1)", "height": 1.0, "text": "MV-2", "angle": 33.469970119321083, "widthscale": 1.0, "oblique": 0.0, "style": "MtXpl_Arial_Black", "textgen": 0, "alignh": 0, "alignv": 0, "interlin": -1.0 }, "geometry": { "type": "Point", "coordinates": [ -1.642490068000373, 52.687982733486145, -12.930612710711131 ] } },
{ "type": "Feature", "properties": { "fid": 381, "handle": 249323, "block": -1, "etype": 25, "space": 0, "layer": "text", "olinetype": "BYLAYER", "linetype": "", "color": "255,191,0,255", "ocolor": 40, "color24": -1, "transparency": 0, "lweight": -1, "linewidth": 0.0, "ltscale": 1.0, "visible": 1, "thickness": 0.0, "ext": "(3:0,0,1)", "height": 1.0, "text": ".G", "angle": 33.469970119321083, "widthscale": 1.0, "oblique": 0.0, "style": "MtXpl_Arial_Black", "textgen": 0, "alignh": 0, "alignv": 0, "interlin": -1.0 }, "geometry": { "type": "Point", "coordinates": [ -1.642442994206635, 52.68800144227027, -12.930612710711131 ] } },
{ "type": "Feature", "properties": { "fid": 382, "handle": 249324, "block": -1, "etype": 25, "space": 0, "layer": "text", "olinetype": "BYLAYER", "linetype": "", "color": "0,0,0,255", "ocolor": 7, "color24": -1, "transparency": 0, "lweight": -1, "linewidth": 0.0, "ltscale": 1.0, "visible": 1, "thickness": 0.0, "ext": "(3:0,0,1)", "height": 1.0, "text": ".W", "angle": 33.469970119321083, "widthscale": 1.0, "oblique": 0.0, "style": "MtXpl_Arial_Black", "textgen": 0, "alignh": 0, "alignv": 0, "interlin": -1.0 }, "geometry": { "type": "Point", "coordinates": [ -1.642422826950008, 52.68800945743795, -12.930612710711131 ] } },
{ "type": "Feature", "properties": { "fid": 383, "handle": 249325, "block": -1, "etype": 25, "space": 0, "layer": "text", "olinetype": "BYLAYER", "linetype": "", "color": "0,0,0,255", "ocolor": 7, "color24": -1, "transparency": 0, "lweight": -1, "linewidth": 0.0, "ltscale": 1.0, "visible": 1, "thickness": 0.0, "ext": "(3:0,0,1)", "height": 1.0, "text": "MV-1", "angle": 63.632534837687622, "widthscale": 1.0, "oblique": 0.0, "style": "MtXpl_Arial_Black", "textgen": 0, "alignh": 0, "alignv": 0, "interlin": -1.0 }, "geometry": { "type": "Point", "coordinates": [ -1.648591556270957, 52.687528151717387, -18.029629454137378 ] } },
{ "type": "Feature", "properties": { "fid": 384, "handle": 249326, "block": -1, "etype": 25, "space": 0, "layer": "text", "olinetype": "BYLAYER", "linetype": "", "color": "255,191,0,255", "ocolor": 40, "color24": -1, "transparency": 0, "lweight": -1, "linewidth": 0.0, "ltscale": 1.0, "visible": 1, "thickness": 0.0, "ext": "(3:0,0,1)", "height": 1.0, "text": ".G", "angle": 63.632534837687622, "widthscale": 1.0, "oblique": 0.0, "style": "MtXpl_Arial_Black", "textgen": 0, "alignh": 0, "alignv": 0, "interlin": -1.0 }, "geometry": { "type": "Point", "coordinates": [ -1.648566330398634, 52.687558701557812, -18.029629454137378 ] } },
{ "type": "Feature", "properties": { "fid": 385, "handle": 249327, "block": -1, "etype": 25, "space": 0, "layer": "text", "olinetype": "BYLAYER", "linetype": "", "color": "0,0,0,255", "ocolor": 7, "color24": -1, "transparency": 0, "lweight": -1, "linewidth": 0.0, "ltscale": 1.0, "visible": 1, "thickness": 0.0, "ext": "(3:0,0,1)", "height": 1.0, "text": ".W", "angle": 63.632534837687622, "widthscale": 1.0, "oblique": 0.0, "style": "MtXpl_Arial_Black", "textgen": 0, "alignh": 0, "alignv": 0, "interlin": -1.0 }, "geometry": { "type": "Point", "coordinates": [ -1.648555523178738, 52.68757178964708, -18.029629454137378 ] } },
{ "type": "Feature", "properties": { "fid": 386, "handle": 249328, "block": -1, "etype": 25, "space": 0, "layer": "text", "olinetype": "BYLAYER", "linetype": "", "color": "0,0,0,255", "ocolor": 7, "color24": -1, "transparency": 0, "lweight": -1, "linewidth": 0.0, "ltscale": 1.0, "visible": 1, "thickness": 0.0, "ext": "(3:0,0,1)", "height": 1.0, "text": "MV-1", "angle": 87.095794048964592, "widthscale": 1.0, "oblique": 0.0, "style": "MtXpl_Arial_Black", "textgen": 0, "alignh": 0, "alignv": 0, "interlin": -1.0 }, "geometry": { "type": "Point", "coordinates": [ -1.649652414034689, 52.68846643007587, -20.262939323062842 ] } },
{ "type": "Feature", "properties": { "fid": 387, "handle": 249329, "block": -1, "etype": 25, "space": 0, "layer": "text", "olinetype": "BYLAYER", "linetype": "", "color": "255,191,0,255", "ocolor": 40, "color24": -1, "transparency": 0, "lweight": -1, "linewidth": 0.0, "ltscale": 1.0, "visible": 1, "thickness": 0.0, "ext": "(3:0,0,1)", "height": 1.0, "text": ".G", "angle": 87.095794048964592, "widthscale": 1.0, "oblique": 0.0, "style": "MtXpl_Arial_Black", "textgen": 0, "alignh": 0, "alignv": 0, "interlin": -1.0 }, "geometry": { "type": "Point", "coordinates": [ -1.649649291771386, 52.688500557470398, -20.262939323062842 ] } },
{ "type": "Feature", "properties": { "fid": 388, "handle": 249330, "block": -1, "etype": 25, "space": 0, "layer": "text", "olinetype": "BYLAYER", "linetype": "", "color": "0,0,0,255", "ocolor": 7, "color24": -1, "transparency": 0, "lweight": -1, "linewidth": 0.0, "ltscale": 1.0, "visible": 1, "thickness": 0.0, "ext": "(3:0,0,1)", "height": 1.0, "text": ".W", "angle": 87.095794048964592, "widthscale": 1.0, "oblique": 0.0, "style": "MtXpl_Arial_Black", "textgen": 0, "alignh": 0, "alignv": 0, "interlin": -1.0 }, "geometry": { "type": "Point", "coordinates": [ -1.649647954137129, 52.688515178248593, -20.262939323062842 ] } },
{ "type": "Feature", "properties": { "fid": 390, "handle": 251877, "block": -1, "etype": 25, "space": 0, "layer": "text", "olinetype": "BYLAYER", "linetype": "", "color": "0,0,0,254", "ocolor": 256, "color24": -1, "transparency": 0, "lweight": -1, "linewidth": 0.0, "ltscale": 1.0, "visible": 1, "thickness": 0.0, "ext": "(3:0,0,1)", "height": 2.0, "text": "Substation 6", "angle": 0.0, "widthscale": 1.0, "oblique": 0.0, "style": "BASE IMPLANTACION_H$0$ARIAL", "textgen": 0, "alignh": 0, "alignv": 0, "interlin": -1.0 }, "geometry": { "type": "Point", "coordinates": [ -1.649444500535628, 52.68977373983266, 0.0 ] } },
{ "type": "Feature", "properties": { "fid": 391, "handle": 251878, "block": -1, "etype": 25, "space": 0, "layer": "text", "olinetype": "BYLAYER", "linetype": "", "color": "0,0,0,254", "ocolor": 256, "color24": -1, "transparency": 0, "lweight": -1, "linewidth": 0.0, "ltscale": 1.0, "visible": 1, "thickness": 0.0, "ext": "(3:0,0,1)", "height": 2.0, "text": "Substation 4", "angle": 0.0, "widthscale": 1.0, "oblique": 0.0, "style": "BASE IMPLANTACION_H$0$ARIAL", "textgen": 0, "alignh": 0, "alignv": 0, "interlin": -1.0 }, "geometry": { "type": "Point", "coordinates": [ -1.643211999088169, 52.68967550385517, 0.0 ] } },
{ "type": "Feature", "properties": { "fid": 392, "handle": 251879, "block": -1, "etype": 25, "space": 0, "layer": "text", "olinetype": "BYLAYER", "linetype": "", "color": "0,0,0,254", "ocolor": 256, "color24": -1, "transparency": 0, "lweight": -1, "linewidth": 0.0, "ltscale": 1.0, "visible": 1, "thickness": 0.0, "ext": "(3:0,0,1)", "height": 2.0, "text": "Substation 5", "angle": 0.0, "widthscale": 1.0, "oblique": 0.0, "style": "BASE IMPLANTACION_H$0$ARIAL", "textgen": 0, "alignh": 0, "alignv": 0, "interlin": -1.0 }, "geometry": { "type": "Point", "coordinates": [ -1.650841347362399, 52.686494555818577, 1.032889241727506 ] } },
{ "type": "Feature", "properties": { "fid": 393, "handle": 251880, "block": -1, "etype": 25, "space": 0, "layer": "text", "olinetype": "BYLAYER", "linetype": "", "color": "0,0,0,254", "ocolor": 256, "color24": -1, "transparency": 0, "lweight": -1, "linewidth": 0.0, "ltscale": 1.0, "visible": 1, "thickness": 0.0, "ext": "(3:0,0,1)", "height": 2.0, "text": "Substation 3", "angle": 0.0, "widthscale": 1.0, "oblique": 0.0, "style": "BASE IMPLANTACION_H$0$ARIAL", "textgen": 0, "alignh": 0, "alignv": 0, "interlin": -1.0 }, "geometry": { "type": "Point", "coordinates": [ -1.642415912871281, 52.68797792215468, 0.0 ] } },
{ "type": "Feature", "properties": { "fid": 394, "handle": 251881, "block": -1, "etype": 25, "space": 0, "layer": "text", "olinetype": "BYLAYER", "linetype": "", "color": "0,0,0,254", "ocolor": 256, "color24": -1, "transparency": 0, "lweight": -1, "linewidth": 0.0, "ltscale": 1.0, "visible": 1, "thickness": 0.0, "ext": "(3:0,0,1)", "height": 2.0, "text": "Substation 2", "angle": 0.0, "widthscale": 1.0, "oblique": 0.0, "style": "BASE IMPLANTACION_H$0$ARIAL", "textgen": 0, "alignh": 0, "alignv": 0, "interlin": -1.0 }, "geometry": { "type": "Point", "coordinates": [ -1.64041872592587, 52.684851019530051, 0.0 ] } },
{ "type": "Feature", "properties": { "fid": 395, "handle": 251882, "block": -1, "etype": 25, "space": 0, "layer": "text", "olinetype": "BYLAYER", "linetype": "", "color": "0,0,0,254", "ocolor": 256, "color24": -1, "transparency": 0, "lweight": -1, "linewidth": 0.0, "ltscale": 1.0, "visible": 1, "thickness": 0.0, "ext": "(3:0,0,1)", "height": 2.0, "text": "Substation 1", "angle": 0.0, "widthscale": 1.0, "oblique": 0.0, "style": "BASE IMPLANTACION_H$0$ARIAL", "textgen": 0, "alignh": 0, "alignv": 0, "interlin": -1.0 }, "geometry": { "type": "Point", "coordinates": [ -1.639012165450977, 52.686338713882108, 0.0 ] } }
]
}
